ATM,Address,lat,lon
Arkan Plaza,Sheikh Zayed - 6th October,31.003809,30.02319
Altor Sinai Branch,29 Ahmed hamdy Street. - Tor sinai,28.2417062,33.6279649
Samalut Branch,Misr Assiut Road - Menya,28.315578,30.710977
Mahala Branch,23 July St.,30.97467,31.167309
Fayoum Branch,"Gamal Abd Elnaser St,Fayoum entrance",29.311897,30.849647
"Helwan Eng. Ind. Co.,","Helwan Engineering Industries, Factory area",29.86557,31.328851
15 May Branch,Megawra 3 Business district,29.8295688,31.364454
Tawfekeya Club,Ahmed Oraby St.,30.065612,31.206118
Shoubra,"Dawaran Shubra, near Wesaya Resturant",30.079532,31.244903
Semad Abou Qier (Factory),El Tabia Rusheed line,31.319745,30.062504
El Shefaa Hospital,"Abdel Latif El Sofany St., from Port Said st.",31.217738,29.93428
Concord El Salam Sharm El Sheikh,Peace Road Airport Sharm Concord Resort,27.964234,34.399116
El Salam Concord Hotel Branch,69 Abdel Hamid Badawy St.,30.124027,31.348068
10 th of ramadan New Branch,1st district beside Sednawy and El Tawheed Mosque,30.2899635,31.7398667
El Galaa Domiatt Branch,El Galaa St.,31.4171571,31.8133458
Zagazig Branch,35 Talaat Harab St.,30.588028,31.504455
Fresh Bek El Rehab,"Fresh Beck, Commercial Market",30.055363,31.492296
Petrol Gas Station Sharm,"Petrol Gas Station, Neama Bay",27.854681,34.302165
Seoudi Market- Zayed October,Seoudi Market - Zayed October - Entrance Zayed 2000,30.030279,30.995473
Cairo New Airport,New Airport Terminal 3,30.111576,31.3968
Arabian Academy,Arabian Academy,31.312284,30.065866
Cilantro Cafe - Maadi,"El Nasr St.,New Maadi",29.976249,31.284869
Sherouk Branch,Heliopolis Club Wall,30.132992,31.61523
New Cairo Branch,"The South of 90 St., - New Cairo",30.025908,31.467108
Cilantro Cafe - Mokattam,El Mokkattam â€“ El Nafoura Square,30.069274,31.344145
Cilantro Cafe - Nasr City,Nasr city - City Light Makram Ebeid,30.068601,31.344255
City Stars Mall,City Stars Mall- fifth floor beside Ruby Tuesday shop,30.073713,31.344246
PRIVILEGE School,Maarag City -Behind Carrefour Maadi - Maadi,29.974549,31.307368
Fathala Market-Tanta,"Tanta - Said S., - in front of the Faculty of Commerce",30.798033,31.001381
Marriot Hotel Office,Marriot Hotel - Zamalek,30.057936,31.224911
Social Club Sharm,"Sharm Social Club (Club marine sports) previously, from Mohamed El Yamani, next to the Old Market",27.862212,34.289298
Roushdy Pharmacy,"Roushdy Pharmacy, 76 Hadayek El Ahram ,Khofo Entrance (first entrance ),Giza.",29.983681,31.108148
Mall Egypt,6 October - Mall Egypt,29.972651,31.01588
CairoBranch,49 Kasr El Nile St.,30.049273,31.245986
Neama Bay Branch,"Villa No. 2 Chris Project, El Salam Road",27.911236,34.31609
General Hospital Matrouh,"General Hospital matrouh - Alex. St., - Marsa Matrouh",31.349409,27.241396
Almaza Branch.,"2 Almaza st., from El Thawra st.",30.08348,31.342076
Gona - Marina 2,Marina - Abo Tig - El Gouna,27.409228,33.676163
Gouna - Marina 1,Marina - Abo Tig - El Gouna,27.40884,33.674352
Maghrabi Hospital,El Sayeda Nafisa - Cairo,30.023234,31.251067
Ghanayem Council,Ghanayem City Council&#160; - Assuit,26.873633,31.328896
Ceramic Gloria,El Wasta Kom Abu Radi center - Industrial Zone - Bani Sweif,29.352555,31.11994
Building Investment Authority,Building Investment Authority - Hay El Sefarat - Nasr City,30.034046,31.343987
Cairo Festival City,ATM Center - The floor 1 - Beside Carrefour&#39;s -New Cairo ATM Center,30.028763,31.409105
Sidi Beshr Branch.,"67 Khaled ben El Walid st., Alex.",31.259117,29.982073
Nozha Branch. (Old),"178 Nozha st., - Saint Fatima",30.107445,31.344177
Centeral Ramsis,"Centeral Ramsis, Ramsis",30.057507,31.241
New Qouseya Branch.,"El Rai St.,",27.4393882,30.8222803
Giza Branch.,511 El Ahram St.,30.014688,31.211139
Mobile ATM,Smart Village,30.07862,31.013287
New Cairo Branch,"The South of 90 St., 5th Settlement",30.025908,31.467108
Nadi El Kodah Branch,"Moustafa Kamel St., Bolkly",31.229759,29.95571
Gomhoria El Fayoum Branch,"El Gomhoria st.,- next to Sawaky El Fayoum -Republic El Gomhoria st., with snores Sea",29.30885,30.843456
Sahel Selim Branch,"El Gomhoria st.,- in front of the local council of the City Sahel Slim",27.058945,31.340981
Assuit Club,Ahmed Hassan Bagouri Street next to the old Assiut University,27.196188,31.184476
Belyana Branch.,El Shaheed Samir Abdel Kader - Sohage,26.234786,32.002479
Wadi Degla Branch.,Wadi Degla Club - Sheraton,30.092926,31.383721
Marsa Matrouh Branch,"63 El Tahrir st.,- Marsa Matrouh",31.353568,27.236577
Khaled Ebn Elwalid Br.,"29 Khaled Ibn El Waleed st., - Luxor",25.686972,32.631347
"Middle East co.,","Middle East co.,- Industrial ZoneA3",30.845456,29.597095
"Fibers Weavers Co.,",Industrial Zone A3 - 10th of Ramadan,30.278073,31.719399
Mas Jewelry -Alex,Victoria Square - Alexandria,31.248713,29.979476
Transport and Engineering Company,Transport and Engineering Company in front of semoha Club - Alexandria,31.21855,29.952783
Sporting Branch,"2 Sidi Gaber st., - Sporting",31.218252,29.931886
Bani Mazar Branch.,Ibrahimeya St. after bani sweif 60 k/m,28.4970668,30.804795
Ismailia Branch.,25 khaled in el waleed St- Oraby SQ,30.5926873,32.2718185
Gamet El Dewal Branch.,"31 Gamet El Dewal st., - Mohandessein",30.051381,31.199423
Bani Sweif Br.,"23 July st., - Bani Sweif",29.075776,31.102319
Sheikh Zayed Branch,Suez Canal Buildings,30.6056623,32.2974712
Dandy Mall,28 K Cairo / Alex Road,30.06324,31.027601
Corneish Roshdy,238 El Gueish Road Roshdy,31.232803,29.946692
Abbassia Branch,"Misr Traval Tower, Abbassia square",30.072418,31.285484
Damietta Port Branch,Investment Building - Damietta Port,31.443857,31.766753
Beverly Hills,6 October kilo 28 Cairo Alex Desert Road,30.059957,30.943851
Piano Piano,60 El gomhoria St.,31.045266,31.357306
Ragab Sons Supermarket - Heliopolis,162 El Nozha St.,30.104795,31.343358
Roxy Branch,"14 Ibrahim El Lakany St, Roxy",30.091466,31.319318
Alfa Market,El Malik El fadl,30.063551,31.216509
Italian Consulat Br.,Saad Zaghlol St. Al Raml Square,31.201653,29.900411
Americana Plaza,El Sheikh Zayed Behind Hyper One,30.027403,31.013705
Watanya Station-October,El Wahat Road Cairo- after media production City about half a kilo inside Wataneya Gas Station Market,29.961822,31.040915
Silver Star Mall,"Area 82-83 Siver Star Mall, New Cairo",30.00352,31.421161
New Belqas Branch,"Sameh El Refaee st., - El Mahkama st., - Belqas",31.21536,31.362805
Ezz Al Dekheila Steel,Alexandria - Matrouh road,30.964187,28.758613
Abbas ElAkkad Branch 1,Abbas El Akkad st.,30.055054,31.338005
Ganoub El Wadi Petroleum Holding Co.,"El Nor st., from Ahmed Taysser",30.074869,31.332804
Beshay Steel Co.,Beshay Steel company-Industrial Zone Fifth Egyptian American Steel Rolling Mill-Sadat City,30.369811,30.55021
Oriental weavers,Industrial Zone B1,30.278322,31.719428
Saad Zaghloul Branch,59 Saad Zaghloul St.,31.200468,29.900496
Sharm Sporting Club,"Sharm Sporting Club St, from Mohamed El yamany St, beside the Old Market",27.862801,34.289317
Savola,"Kilo 55, Alex. Cairo Desert Road,Khaled Ibn El Waleed entrance.- Alexandria Sugar Company (Savola) at Nubariayh",30.815356,29.853244
Maadi Branch,2 Waheeb Doos St From 9St - Maadi,29.960177,31.258965
Beshay Steel Co.,Beshay Steel company-Industrial Zone Fifth Egyptian American Steel Rolling Mill-Sadat City,30.36995,30.550243
Roushdy Pharmacy,"Roushdy Pharmacy, 76 Hadayek El Ahram, Khofo Entrance (first entrance ),Giza.",29.979855,31.109979
Menya Br.,30 Hoorya St.Cournish El Menya Beside El Awkaaf Building,28.101063,30.757197
Maghagha Branch,"85 El Gomhouria St, Maghagha",28.647867,30.842756
Free Zone,Eurotex Company - in front of the public free zone - Port Said,31.245801,32.293196
Sakalta Branch,El Gazaer St.,26.658407,31.673514
Wadi El Natron Branch,"Al Kilo 106 Cairo Alexandria road, beside the rest house",30.3953748,30.3726348
Hadayek El Qobba Branch,"9 El Qods St., Off Waley El Ahd St.",30.093578,31.289588
Shoubra Branch,46 Shoubra St.,30.071053,31.24472
Smart Village Branch,Smart Village,30.078432,31.013648
Hawamdiya Branch,"1 Masr Asiyut St., City Centre Building",29.901933,31.269826
Faraskur Branch,El Cournish,31.327989,31.717674
Shooting Club,20 A Shooting club street,30.042944,31.203001
Ministry of Youth &amp; Sport,"Mehwar 26 July, in front of Zamalek Club - Meet Oqba",30.061554,31.205168
El Tayaran Branch,15 rabba El Adawea square - El Tayarran street,30.068003,31.3245589
Industrial Zone Branch (Ismailia),Industrial Zone,30.583294,32.203862
Haram Branch,187 El Haram St. Spatis Station,29.994526,31.162789
Kafr El-Zaiyat Branch,Abu Bakr El Sedeec St.,30.8255648,30.8120316
Isna Branch,Nahr El Nil St.,25.2993594,32.5553066
New Qena Branch,23 July St.,26.1585027,32.7142891
Dar El-Salam Branch,Abd El Hamied Radwan Square,26.2750994,32.0558095
Tima Branch,1 Ahmed Orabi St.,26.9027759,31.435031
Garden City Branch,20 Gamal El din Abu El Mahasin,30.0369999,31.2310973
Abu Hommos Branch,Naser St.,31.1000002,30.3109682
Ragab Sons - Faisal,Faisal St.,30.0135427,31.1994928
Cemex Firm - Assiut,Cemex Assuit Firm,27.142970300000002,31.0125536
AlexBank Club,"Souk shedia st, ElIbrahimia",31.211338,29.926001
El Dekhila Branch,2 National Steel Company premises,31.120317,29.803237
New Damieta Branch,"15, 1st District, Region 1",31.430741,31.691973
Abnub Branch,El Gomhouria Street,27.262569,31.148086
Luxor Branch,"55 Nile St, Luxor",25.705767,32.643127
Sinnuris Branch,"1 Shohadaa SQ., HDB Building",29.410224,30.86658
Assuit Petrol,"Assiut petroleum area , Gahdam village",27.200301,31.114413
Sheikh Zayed Branch,"Mall Zayed City Center, Sheikh Zayed",30.0404759,31.0081306
New Kafr El-Zaiyat Branch,El Bahr St.,30.8240538,30.811404
Muski Branch,"14 Gohar El Kaied, Muski",30.048872,31.256599
Nubareya Branch,"Nubareya City, in front of El Nubareya administrative building",31.1950193,29.8976478
Hehya Branch,El Gomhouria St.,30.6723842,31.5899232
Samannoud Branch,"El Bahr street, - Samanoud - Gharbia",30.961924,31.246238
Mallawi Branch,Bank Misr street.- Mallawi - Menya,27.73713,30.847273
FAO Branch,11 El Eslah El Zeraie street - Dokki,30.044239,31.208749
Sinbillawein Branch,Port Said Street - Sinbillawin,30.882405,31.46034
Qus Branch,El Gomhouria Street - Qus,25.9179279,32.759074
Dishna Branch,El Mahata Street - Dishna,26.1229796,32.4622232
Girga Branch,5 Saad ZaglolStreet - Girga,26.3366579,31.8903762
Quweisna Branch,Ibrahim El Khaliel street,30.54928,31.136171
Dekernis Branch,El Orouba street,31.0859939,31.5926671
Abu - Qurqas Branch,El Gomhouria Street,27.9325407,30.837577
Kiroseiz Branch,9 Ibrahim Sherif st. Mostafa Kamal - Alexandria,31.223321,29.948279
Nabarouh Branch,Al Mafarek - Nabarouh - Dakaliya,31.0968491,31.2961301
New Bani Sweif Branch,First district - Nile East - New Bani Sweif,29.072869,31.113147
El Bagour Branch,"El Gish St, Amam el nasb eltezkary - El Bagour Monofiya",30.4253838,31.037364
Abo Tige Branch,"ElGalaa St., abo Tige",27.0504214,31.3167751
Nasr City Branch,"9 Abd Alla El Arabi st, Nasr City",30.049591,31.327367
6 of October Branch,"Al Zohor st, Distinguished Area",29.98988,30.979691
Stella De Marie,Al Salam Road,27.9046,34.329813
Tookh Branch,"Al Delta st, Tookh",30.3593878,31.2000588
Qaha Branch,"El Qanatir El Khiria st, Qaha",30.2781834,31.2062359
Suez El Sabah Branch,"3 El Hai El thalith st, El Sabah City",29.988972,32.519944
Latif Helwan Branch,33 Haidar - Latif Sq.,29.8424377,31.3358483
Falaki Branch,"8 El Maglis El Shaab st, Cairo",30.039561,31.23825
Belqas Branch,"Al Gomhoria st, Belqas",31.2141136,31.3590145
Alexandria Branch,"6 Salah Salam st, El Manshea",31.1968342,29.8957863
Ghamra Branch,"227 Ramses St, - Cairo",30.0664779,31.2601724
Banha Branch,"Saad Zaghlol st, Banha",30.4598229,31.1804277
Talaat Harb Branch,23 Tallat Harb street-El Manshea,31.196981,29.898439
Tahta Branch,Portsaid street - tahta,26.7696226,31.5037358
Abu Tesht Branch,Port Said Street,26.1223583,32.0949376
Port Fouad Branch,Massaken Iskan El Hizb El watani,31.2452829,32.3202217
Port Tawfik Branch,"9 El Zahar Paybars st,",29.951165,32.569436
Qantra Gharb Branch,"Cross El Tahrir st, and El Geesh st",30.854135,32.309128
Dayroot Branch,"Al Galaa st, Abu Gabal Zone",27.554623,30.8180881
Treasury Department - Aluminum Complex,Naaga Hamady,25.988755,32.3317337
Sherbin Branch,"Al Geesh st, Sherbeen",31.1944297,31.5202045
El Badary Branch,Beside Police station,26.9929562,31.4156467
Met Ghamr Branch,"Al Horia st, Met Ghamr",30.717996,31.252673
Desouk Branch,"Saad Zaghlol st, Desouk",31.1348575,30.6394261
6 of October Branch Industrial District,the first Industrial District - zone 44,29.938034,30.899357
Kafr El Dawar Branch,"89 port said st, kafr El Dawar",31.1341228,30.1367104
Edfo Branch,"Cornish El Nil st,",24.9790657,32.881844
Assuit Branch,"252 Saad Zaghlol st, Assuit",27.1780869,31.1856258
Safaga Branch,"El Gomhouria st,beside Maca hotel",26.725225,33.93695
Nasr City Club Branch,"El Mokheem El Daeem st, Nasr City Club",30.059242,31.309715
El Suez Branch,384 El Geesh St.,29.971456,32.550001
Sherif Branch,23 Gawad Hussni St.,30.04974,31.243433
Rashid Branch,"Abd El Salam Araf st, Rashid",31.400945,30.417548
Shebin Elkom Branch,"Al Madares St, Shebin Elkom",30.6109903,30.9871289
Khanka Branch,The Central Hospital St.,30.221943,31.360894
Nagaa Hamady Branch,Talaat Harb St.,26.0505756,32.2420514
Zamalek Branch,8 El Kamal Mohamed St.,30.059442,31.219523
Semad Abu Qir Branch,El Tabia Line Beside Abu Qir Building,31.268971,30.101377
Abu Qir Branch,23 Port Said St.,31.321307,30.06329
Borg El Arab Branch,44 Aly Abn Abu Taleb Amam Gehaz Elmadina - Borg El Arab,30.8825867,29.577148
Cizostrese Branch,19 Salah Salem - El Manshea,31.196109,29.897623
Al Areish Branch,"23 July St., El Areish",31.1360467,33.7991542
Hurghada Branch,El Nasr Road El Dahar - Hurghada,27.247171,33.823897
Banha El Gamil Branch,"Cross Gamil St., and naamit St.,",30.4477164,31.1795264
Sharm El Sheikh Branch,"Hadabt Am El Sed, Banking Area Sharm El Sheikh El Sheikh",27.8601686,34.3043107
Aswan Branch,Cornish El Nil St.,24.0944639,32.8971756
Damanhour Branch,Gomhouria St.,31.0430298,30.4677165
Gomhouria,26 El Gomhouria St.,30.0484281,31.2465549
Mansoura Branch,139 El Gomhouria St.,31.047258,31.37691
Fakous Branch,Taaret El Menya St.,30.72194444,31.79361111
Industrial Mubarak Region Branch,Indusrtrial Mobarak Region,30.5379412,31.1770535
Concord Salam Hotel,"Concord Salam Hotel, Heliopolis",30.123881,31.3480631
Wataneya Station,El wafaa W Elamal Station,30.022321,31.343426
Heliopolis Branch,99 Bahary Elmereland,30.099771,31.322944
Gleem Al Teram Branch,"174 Abdel Salam Araf, Saba Pacha",31.23861111,29.96222222
Manial Branch,5 Mamalik Sq. Paybars Tower,30.013459,31.225111
Golf Market,Tagamo 5 Region 4 Taawen Gas Station,29.99658,31.420349
Maamoun Branch,Cross Maamoun St. and Mohamed Osman,30.786984,30.991042
Misr &amp; Sudan Branch,133 Masr &amp; El Sudan St.,30.083415,31.282099
Bahar Aazam Branch,132 El Bahr El Aazam St.,29.997081,31.214344
City Club Branch,City Club - Abour City,30.175855,31.474768
Agouza Branch,"106 Nile St, Agouza",30.042645,31.218968
Khalifa Maamoun Branch.,"21 El Khalifa El Maamoun St., Roxy",30.088282,31.310367
City Stars Branch,Nasr City,30.072009,31.344437
New Nozha Branch,12 Abrahim El Shawarby,30.121675,31.367643
10th Ramadan Branch .District3,"Banking Area, District 3",30.296865,31.746406
Gleem Branch,568 Horia Road,31.237456,29.957914
Sheraton Heliopolis Branch,Abd El Hamid Badawy Extension,30.105967,31.375757
Alamonum Complex Branch,Naaga Hamady,25.993471,32.330639
Mobile ATM,"10th Ramadan Branch, Banking Area",29.990015,30.979734
Luxor 2 Branch (New Luxor),54 Maabad El Karnak Luxur,25.705576,32.644147
Sohag Branch,7 Saad Zaghloul St.,26.555542,31.699966
Helwan Branch,"40 Mohamed Said Ahmed St., - Helwan",29.847214,31.331919
Sadat Branch,9 Mahwar El Khadamat,30.375819,30.501845
Future Mall,"Taba St, beside Arabella",29.982181,31.4263
Qena Branch,Al Shaheed Abd Almaneem Riad Sq.,26.158158,32.715611
Raya Market,Zaker Hussein,30.043204,31.330881
Momen Cairo Mall,Cairo Mall,29.99861,31.173851
26 July Branch,157 26 July St.,30.05921,31.224161
Port Said Branch,18 Algamhoria &amp; El Gaberty,31.264864,32.311869
Cairo Branch,49 Kasr El Nile,30.049273,31.245986
Abu Gomaa center,Abu Gomaa Center El qoumia square,30.590411,31.494965
Tanta Branch,Ahmed Maher St,30.78617,30.997573
Mobil Miami,"257 El Horrya Road, Crossing Iskandar Ibrahim St.",31.212313,29.93434
Family Mall,"Mohamed Sabry St., Janakles",31.243765,29.969185
General Authority for investment,Salah Salem Road,30.071113,31.296841
Tahrir Branch,1 Kasr El Nil St.,30.046413,31.235437
Ragab Sons Supermarket - Nasr City,126 Mostafa el Nahas St.,30.055156,31.355377
El Serag Mall,"Atya El Sawahly St, Makram Ebade",30.050838,31.350002
Green Plaza Mall,Beside Abees Traffic,31.206933,29.964352
Ragab Sons Supermarket,15 Mourad St.,30.020768,31.216578
10th of Ramadan Branch,El Ordonia District 10 of Ramdan,30.2991721,31.7542649
Dekheila Branch,Ezz Steel Company wall - beside gate (2),30.0499695,31.2053052
Fifth District Branch,305 90 St - Fifth District - New Cairo,30.0035406,31.4262763
cairo Airport,cairo Airport,30.1114621,31.4153838
Khaled Ibn El-Waleed Branch (Luxor),Luxor Airport,25.6702457,32.704019
Sadat Branch,"El-Sadat, 1st Banks Area",30.419302,30.577011
Abbas Ek Akkad,59 Abbas El Akkad st.,30.054992,31.338038
Concorde El Salam,"Abd el-hamied badwy St, Concord El-Salam Hotel, Heliopolis",30.123959,31.347991
Marriott,"Marriott Hotel, Al zamalek",30.057035,31.225118
Italian Consulate,25 Raml station,31.201665,29.900313
General Organization for Investment Branch,"Hayaet ElEstethmar, salah Salem st., Nasr City",30.0710484,31.2966881
New Damieta Elgalaa,El Galaa St.,31.4171571,31.8133458
Sidi Bishr,"101 Khaled Ibn El Waleed St., Sidi Bishr",31.259117,29.982073
Sakalta Branch,El Gazaer St,26.658407,31.673514
Nadi El-Kodah,"23 Mostafa Kamel St., Inside Club Premises",31.229759,29.95571
Khaled Ibn El Waleed,29 Khaled Ibn El Waleed St.,25.686972,32.631347
Alamonum Complex,Naaga Hamady,25.993471,32.330639
Zamalek,8 El Kamel Mohamed St.,30.059435,31.219381
Zagazig,35 Talaat Harb St and Ismail Fakhry intersection.,30.588028,31.504455
Wadi El Natron,"Al Kilo 106 Cairo Alexandria road, beside the rest house",30.3953748,30.3726348
Tookh,"Al Delta st, Tookh",30.3593878,31.2000588
Tima,1 Ahmed Orabi street - Tima,26.9027759,31.435031
Tanta,Ahmed Maher St,30.78617,30.997573
Talaat Harb,"23 Talaat Harb St., Atareen",31.196981,29.898439
Tahta,Portsaid street - tahta,26.7696226,31.5037358
Tahrir,1 Kasr El Nil street,30.046413,31.235437
Suez El Sabah,"3 Third District St., Al Sabbah",29.988972,32.519944
Sporting,"172 Omar Lotfy St., Sporting",31.218252,29.931886
Sohag,7 Saad Zaghloul st,26.555542,31.699966
Smart Village,Smart Village,30.078432,31.013648
Sinnuris,"1 Shohadaa SQ., HDB Building",29.410224,30.86658
Sinbillawein,Port Said Street - Sinbillawin,30.882405,31.46034
Shoubra El Khima,Shoubra Al Khayma - Industrial Housing beside Crystal Asfour,30.1253449,31.2553364
Shoubra,46 Shoubra St.,30.071053,31.24472
Shooting Club,20 A Shooting club street,30.042944,31.203001
Sherif,23 Gawad Hussni St. Cairo,30.04974,31.243433
Sherbin,El Gueish St.,31.1944297,31.5202045
Sheraton Heliopolis,Abd El Hamid Badawy Ext - Sheraton,30.105967,31.375757
Sheikh Zayed (Ismaelia),Commercial Street beside Ismailia Governorate,30.6056623,32.2974712
Sheikh Zayed,"1st District , Zayed City Center, Sheikh Zayed",30.0404759,31.0081306
Shebin Elkom,8 El Madares St.,30.6109903,30.9871289
Sharm El Sheikh,Hadabt Am El sed - Banking Area Sharm El Sheikh,27.8601686,34.3043107
Semad Abu Qir,El Tabia Line Beside Abu Qir Building,31.268971,30.101377
Samannoud,"El Bahr street, - Samanoud - Gharbia",30.961924,31.246238
Samalut,Masr Asyut St.,28.315578,30.710977
Salam,"23 July street, Al Ahlia Insurance Company building - El Mahala El Kobra",30.974659,31.167303
Safaga,Gomhouria St.,26.725225,33.93695
Sadat,9 Mahwar El Khadamat - Sadat City,30.375819,30.501845
Saad Zaghloul,59 Saad Zaghloul St.,31.200372,29.900526
Roxy,"14 Ibrahim El Lakany st, Roxy",30.091466,31.319318
Rashid,"Abd El Salam Araf st, Rashid",31.400945,30.417548
Quweisna,Ibrahim El Khaliel street,30.54928,31.136171
Qus,El Gomhouria Street - Qus,25.9179279,32.759074
Qena,Al Shaheed Abd Almaneem Riad Sq. - Qena,26.158158,32.715611
Qantra Gharb,"Cross El Tahrir st, and El Geesh st",30.854135,32.309128
Qaha,"El Qanatir El Khiria st, Qaha",30.2781834,31.2062359
Port Tawfik,9 El Mohafez St.,29.951165,32.569436
Port Said,18 Algamhoria &amp; El Gaberty,31.264864,32.311869
Port Fouad,"9 National Party Housing Complex, in front of Port Said University",31.2452829,32.3202217
Nubareya,Nubareya City - in front of El Nubareya administrative building,31.1950193,29.8976478
Nozha,"178 Nouzha St., Saint Fatima Sq.",30.107445,31.344177
Naama Bay,Villa 2 - Kriss - Salam Road - Sharm Elsheikh,27.910976,34.318414
New Qena,"23 July street, forward of pizza Home",26.1585027,32.7142891
New Nozha,12 Abrahim El Shawarby,30.121675,31.367643
New Kafr El-Zaiyat Branch,El Bahr St.,30.8240538,30.811404
New Damieta,"1st Neighborhood, 1st District, Beside Islamic Studies College",31.430741,31.691973
New Bani Sweif,New Bani Suef - East Nile,29.072869,31.113147
Nasr City Club,"5 El Mokhayam El Daem St., in front of El Azhar University",30.059242,31.309715
Nasr City,"9 Abd Alla El Arabi st, Nasr City",30.049591,31.327367
Nagaa Hamady,Talaat Harb St,26.0505756,32.2420514
Nabarouh,El Mafarek St.,31.0968491,31.2961301
Muski,14 Gohar El kaied - El Muski,30.048872,31.256599
Met Ghamr,"Al Horia st, Met Ghamr",30.717996,31.252673
Menya,23 El Horreya St.,28.101063,30.757197
Mena El Basal,Othman Abaza Corner in front of History Bridge,31.183508,29.885833
Marsa Matrouh,63 69 Tahrir St.in frount of Marsa Matrouh Court,31.353568,27.236577
Mansoura,139 El Gomhouria St.,31.047258,31.37691
Manshah,3 west salah salem street - El Manshah,26.4776126,31.8010479
Manial,5 Mamalik Sq. Paybars Tower,30.013459,31.225111
Manfalut,25 El Soultan Hassan,27.3085285,30.9655049
Mallawi,Bank Misr street.- Mallawi - Menya,27.73713,30.847273
Mahala,"23 July st, El Mahala",30.97467,31.167309
Maghagha,85 El Gomhouria St. in front of hall city,28.6477891,30.8429146
Maamoun,Cross Maamoun St and Mohamed Osman - Tanta,30.786984,30.991042
Maadi,2 Wahib Doss St.in front of Maadi Underground,29.960256,31.258947
Luxor,"55 Nile St, Luxor",25.705767,32.643127
Latif Helwan,33 Haidar - Latif Sq.,29.8424377,31.3358483
Kuseya,57 El Galaa Street - Quseya,27.4393882,30.8222803
Kom Ombo,"53 Abbas st, beside Naser Mosque",24.4766374,32.9458818
Kiroseiz,9 Ibrahim Sherif st. Mostafa Kamal - Alexandria,31.223321,29.948279
Khanka,"The Central Hospital St, Khanka",30.221943,31.360894
Khalifa Maamoun .,"21 El Khalifa El Maamoun st, Roxy",30.088282,31.310367
Kafr El-Zaiyat,Abu Bakr El Sedeec street - Kafr El-Zaiyat,30.8255648,30.8120316
Kafr El Sheikh,18 El Kholafaa El Rashedeen St.,31.1127023,30.9392461
Kafr El Dawar,"89 port said st, kafr El Dawar",31.1341228,30.1367104
Isna,"Nahr El Nil street, Isna",25.2993594,32.5553066
Ismailia,"25 Khaled Ibn El Waleed St,",30.5926873,32.2718185
Industrial Zone (Ismailia),Industrial Zone - Ismailia,30.583294,32.203862
Industrial Mubarak Region,"El Talateen St., Next to Regional Administration Quisna",30.5379412,31.1770535
Hurghada,El Nasr Road El Dahar - Hurghada,27.247171,33.823897
Helwan,"40 Mohamed Said Ahmed st, - Helwan",29.847214,31.331919
Heliopolis,99 Merryland St. Heliopolis,30.099771,31.322944
Hehya,El Gomhouria Street - Hehya,30.6723842,31.5899232
Hawamdiya,"1 Masr Asiyut Agricultural Road, in front of Hawamdiya Traffic",29.901933,31.269826
Haram,187 El Haram St Spatis Station,29.994473,31.162583
Hadayek El Qobba,"18 El Qods St., Off Waley El Ahd St.",30.093629,31.288967
Gomhouria (Fayoum),El Gomhouria St.,29.30885,30.843456
Gleem Al Teram,174 Abdel Salam Araf - Saba Pacha,31.23861111,29.96222222
Gleem,174 Abdel Salam Aref,31.237456,29.957914
Giza,"511 El Ahram st., Giza square, Giza",30.014688,31.211139
Girga,5 Saad ZaglolStreet - Girga,26.3366579,31.8903762
Ghamra,"227 Ramses St, - Cairo",30.0664779,31.2601724
Garden City,"20A Gamal El Din Abou El Mahasen St., Garden City",30.0369999,31.2310973
Gameet El-dewel El-Arabia,"31 Gameat El Dowal El Arabia St., ........ (Deposit)",30.051381,31.199423
Fayoum,"Gamal Abd Nasr st, Fayoum",29.311897,30.849647
Faraskur,El Cournish,31.327989,31.717674
FAO,11 El Eslah El Zeraie street - Dokki,30.044239,31.208749
Falaki,"8 El Maglis El Shaab st, Cairo",30.039561,31.23825
Fakous,Taaret El Menya St.,30.72194444,31.79361111
El Tayaran,"15 El Tayaran St., Rabaa Eladawea Sq.",30.068003,31.3245589
El Suez,"384 El Geesh St, - Suez",29.971456,32.550001
El Hamoul,10th of Ramadan Street - El Hamol,31.3107461,31.1503923
El Dekhila,2 National Steel Company premises,31.120317,29.803237
El Bagour,"El Gish St, Amam el nasb eltezkary - El Bagour Monofiya",30.4253838,31.037364
El Badary,Beside Police station,26.9929562,31.4156467
Edfo,"Cornish El Nil st,",24.9790657,32.881844
Dokki,131 Tahrir St.Dokki,30.038902,31.215511
Dishna,El Mahata Street - Dishna,26.1229796,32.4622232
Desouk,"Saad Zaghlol st, Desouk",31.1348575,30.6394261
Dekernis,Orouba St.,31.0859939,31.5926671
Dayroot,"Al Galaa st, Abu Gabal Zone",27.554623,30.8180881
Dar El-Salam,Abd El Hamied Radwan square - Sohag,26.2750994,32.0558095
Damietta Port,investment Building - Damietta Port,31.443857,31.766753
Damietta,"El Galaa St., Badary Building",31.4171571,31.8133458
Damanhour,Gomhouria St,31.0430298,30.4677165
Cizostrese,"19 Salah Salem St., Atareen",31.196109,29.897623
City Stars,"2 El Raed Aly Rashed, Makram Eibad Steet Extention",30.072009,31.344437
City Club,City Club - Abour City,30.175855,31.474768
Cairo,first floor - 49 Kasr El Nil street,30.049213,31.245922
Borg El Arab,"44 Aly Ibn Abe Taleb St., New Borg Al Arab",30.8825867,29.577148
Belqas,El Gomhouria St.,31.215381,31.362818999999998
Beba,"Al Tahrir st,",28.923791,30.98389
Bani sweif,43 23 Rd July St - Bani Sweif,29.075776,31.102319
Bani Mazar,Ibrahimaya St.- Bani Mazar,28.4970668,30.804795
Banha El Gamil,El-Gamil Banha Beside Banha court,30.4477164,31.1795264
Banha,Saad Zaghlool St.,30.4598229,31.1804277
Balianh,3 Samir Abd El Kader El Karm,26.234786,32.002479
Bahar Aazam,"132 El Bahr El Aazam St, Giza",29.997081,31.214344
Aswan,"Cornish El Nil st, Aswan",24.0944639,32.8971756
Assuit,252 Saad Zaghloul St.Banks Sq.,27.1780869,31.1856258
Altor Sinai,29 Ahmed Hamdy St.,28.2417062,33.6279649
Almaza,2 Almaza street from Al Thawra street-Heliopolis,30.08348,31.342076
Alexandria,"6 Salah Salem St., Atareen",31.1968342,29.8957863
Al Areish,"23 July st, El Areish",31.1360467,33.7991542
Agouza,"106 El Nil St., Agouza",30.042645,31.218968
Abu Tesht,Port Said Street,26.1223583,32.0949376
Abu Qir,"23 Port Said St., Abu Keir",31.321307,30.06329
Abu Hommos,Naser Street - Abu Homos,31.1000002,30.3109682
Abu - Qurqas,El Gomhouria St. (El Fekreya),27.9325407,30.837577
Abo Tige,"ElGalaa St., abo Tige",27.0504214,31.3167751
Abnub,El Gomhouria St.,27.262569,31.148086
Abbassia,"3 Ramsis St. Extension, Misr Travel Towers, Abassia Square",30.072418,31.285484
6 of October Industrial District,44 1st Industrial Zone,29.938034,30.899357
6 of October,"Al Zohor st, Distinguished Area",29.98988,30.979691
43307,"157 26th of July St., Zamalek",30.05921,31.224161
43235,"3rd District, Business Men Area",29.8295688,31.364454
10th Ramadan .District3,Banking Area - District 3 - 10th Ramadan,30.296865,31.746406
10th of Ramadan New,Mostafa Moshrafa St beside Sednawy 10 of Ramdan,30.2899635,31.7398667
Misr &amp; Sudan,"133 Masr &amp; El Sudan st,",30.083415,31.282099
