office,lat,lon
Post Office - El Shalatin,23.131175,35.582022
Post Office - Khazzan Aswan,24.040475,32.880297
Post Office - El Karour,24.044589,32.871973
Post Office - Sohail & El Mahatta,24.061403,32.878774
Post Office - Kima Aswan,24.0740417,32.9160578
Post Office - El Sail El Rify,24.0836118,32.9114191
Post Office - El Sail Aswan,24.083622,32.911416
Post Office - Aswan,24.084776,32.891033
Post Office - Abou El Rish Bahary,24.088938,32.8998293
Post Office - Sharq El Mahatta,24.0953696,32.9001481
Post Office - Abou El Rish,24.0986748,32.8985643
Post Office - Qostol El Nouba,24.4025679,33.0173358
Post Office - Nasr El Nouba,24.402631,33.017364
Post Office - Abou Hour,24.4048523,32.9195318
Post Office - Daraw,24.4048701,32.9195004
Post Office - Abou Simbl El Seyahy,24.4050419,33.0043183
Post Office - El Mansoureya,24.4067631,32.9188783
Post Office - El Fardous District,24.408632,33.036745
Post Office - Toushky,24.413063,33.042997
Post Office - Benban Qebly,24.415198,32.905571
Post Office - Nagaa Wannas,24.426906,32.9463812
Post Office - Eneiba,24.458424,33.050578
Post Office - Armanna,24.459477,33.058721
Post Office - El Bayyara Koum Ombo,24.464293,32.924629
Post Office - Koum Ombo,24.475674,32.948163
Post Office - El Kafour,24.4796423,32.9458765
Post Office - El Sabaeen Koum Ombo,24.482618,32.948191
Post Office - El Atmour Qebly,24.499344,33.002003
Post Office - El Genina & El Shebbak,24.5157809,33.0406263
Post Office - El Atmour El Mostaged,24.523547,32.999101
Post Office - Iqleet,24.527182,32.899453
Post Office - El Malky,24.543605,33.058872
Post Office - Ain Aysh,24.5455638,27.1735316
Post Office - Dahmeet,24.585137,32.9318716
Post Office - El Dakka,24.5910207,32.9385687
Post Office - El Sayyala Aswan,24.612566,32.949058
Post Office - Kalabsha,24.6239212,32.9458752
Post Office - El Alaqy Aswan,24.624695,32.955531
Post Office - El Madiq,24.650623,32.948098
Post Office - El Ghawaleya,24.780089,32.905676
Post Office - El Foqaraa,24.905209,32.861448
Post Office - El Radiseya,24.909105,32.882116
Post Office - Edfou,24.977995,32.8759284
Post Office - Abou El Nasr,24.978548,32.8758199
Post Office - El Habary,25.0144586,32.8684729
Post Office - Marsa Alam,25.066667,34.9
Post Office - El Mafalsa Edfou,25.087299,32.844864
Post Office - Balat,25.2743132,28.7958117
Post Office - Esna,25.301733,32.551666
Post Office - Agricultural Research Station,25.3678101,32.5146439
Post Office - Boulaq El Wadi El Gadid,25.4390388,30.5586043
Post Office - Arment,25.6189579,32.5439525
Post Office - El Adaysat,25.6872431,32.6396357
Post Office - Abou El Goud,25.69569,32.6474
Post Office - Luxor,25.6986817,32.6412525
Post Office - Awlad Diaa,25.9014351,32.7248308
Post Office - El Karateya,25.9119375,32.7632609
Post Office - Qeft,25.9937468,32.8005154
Post Office - Bahgoura,26.0488019,32.2403107
Post Office - Farshout,26.0546495,32.1621688
Post Office - El Marasheda,26.081209,32.4243834
Post Office - El Solimat,26.100633,32.087617
Post Office - Quseir,26.106793,34.274452
Post Office - El Hamarawein,26.106815,34.2743587
Post Office - Abou Shousha,26.1206793,32.0943206
Post Office - Abou Diab Gharb,26.1218315,32.4715312
Post Office - Awlad Amr,26.155061,32.7160121
Post Office - Dandara El Seyahy,26.1566854,32.7272138
Post Office - South Qena,26.1586755,32.7235545
Post Office - Aswan University,26.181398,32.743778
Post Office - El Showaikhat,26.1837028,32.5996945
Post Office - Arabet Abidous,26.1844538,31.9219377
Post Office - Bani Mansour,26.1912353,31.9132552
Post Office - El Harga,26.1953725,31.9284797
Post Office - Qena,26.2121406,32.7445722
Post Office - Awlad Elaiwa Qebly,26.2354377,32.0029805
Post Office - El Boura,26.2384089,32.0031326
Post Office - Sohag Gharb,26.2452229,31.9388032
Post Office - El Sheikh Marzouq,26.2539483,31.9055923
Post Office - El Shahel El Bahary,26.2657131,31.9885638
Post Office - Arab El Ateyat El Bahareya,26.2737331,32.0666997
Post Office - Abou Yaaqub,26.2752432,31.8640479
Post Office - Nagaa Abou Awad,26.2855885,31.8827736
Post Office - Abou El Naga,26.2912547,31.8877242
Post Office - Abou Eid,26.2930613,31.8875024
Post Office - El Zawazeya,26.2952098,32.0079897
Post Office - Awlad Ismail,26.2974775,31.906128
Post Office - Sidi Salem,26.3012422,31.9193065
Post Office - Awlad Ghazy,26.3275374,31.8933385
Post Office - Nagaa Abbas,26.3333333,31.9
Post Office - Gerga,26.336206,31.8906659
Post Office - Awlad Salama,26.3871604,31.7554826
Post Office - Awlad Bahig,26.4743327,31.8013605
Post Office - Nagaa Matroud,26.537395,31.7062722
Post Office - Sohag,26.5488884,31.7024751
Post Office - Ezbet Rashed,26.5498278,31.6905228
Post Office - Sohag University,26.5501508,31.6927403
Post Office - Automated Bakery,26.55706,31.6919947
Post Office - Amr Ibn El Aas,26.5590737,31.6956705
Post Office - Nagaa El Hewig,26.5593976,31.6921596
Post Office - Abou Shagara,26.559402,31.6921635
Post Office - Akhmeem,26.5635889,31.748042
Post Office - Saadullah,26.6117882,31.6982575
Post Office - Bani Wasel,26.6579469,31.6716374
Post Office - El Harafesha,26.6761327,31.4945887
Post Office - El Batakh,26.6955039,31.6053577
Post Office - El Gharaizat 2,26.7006523,31.6014808
Post Office - Safaga,26.75,33.9833333
Post Office - Arab Bakhwag,26.7647964,31.4982868
Post Office - Safaga El Balad,26.776283,33.9367842
Post Office - El Sawalem,26.7763325,31.4972985
Post Office - Awlad Mohamed,26.8756213,31.328281
Post Office - El Barba Sedfa,26.9011592,31.3755654
Post Office - El Aatamna,26.9080249,31.4337748
Post Office - El Mashayaah,26.9110176,31.3085206
Post Office - El Shanayna,26.912142,31.380367
Post Office - Koum Abou Hagar,26.920571,31.367563
Post Office - Awlad Elias,26.9369657,31.4012925
Post Office - El Oqal Qebly,26.9448337,31.457927
Post Office - Bani Fez,26.9634957,31.3790168
Post Office - Sedfa,26.965005,31.377478
Post Office - Dekran,26.966826,31.279401
Post Office - Nagaa Zoraiq,26.968122,31.440848
Post Office - Magris,26.977021,31.377973
Post Office - El Oqal Bahary,26.979817,31.446747
Post Office - El Zaraby,26.9830455,31.2694502
Post Office - El Etmaneya,26.9915774,31.4155591
Post Office - El Badary 2,26.992413,31.415341
Post Office - El Badary,26.993018,31.416188
Post Office - El Balaiza,27.016847,31.249047
Post Office - El Neghila,27.0174607,31.3421917
Post Office - El Masaudi,27.018097,31.300515
Post Office - El Nawamis,27.018701,31.3997255
Post Office - El Aqadema,27.0238059,31.2539172
Post Office - El Zeyara,27.0315256,31.2689634
Post Office - Abou Khars,27.0324009,31.3026883
Post Office - Bani Samea,27.0422672,31.281502
Post Office - Abou Tig,27.0431236,31.3150211
Post Office - Deir Tasa,27.0450679,31.3370074
Post Office - Tasa,27.053265,31.384739
Post Office - Dewaina,27.058726,31.272734
Post Office - Abou Monqar,27.061529,27.970091
Post Office - El Zawya,27.066449,31.218979
Post Office - El Awana,27.0844577,31.3398649
Post Office - Nazlet Baqour,27.096554,31.298586
Post Office - Rifa,27.097593,31.205821
Post Office - Deir Darnaka,27.110809,31.170173
Post Office - Hour,27.1151655,31.2429949
Post Office - Qarqares,27.136032,31.267902
Post Office - El Matiaa,27.138968,31.301116
Post Office - Darnaka,27.1390103,31.1790896
Post Office - Awlad Ibrahim,27.1557173,31.2481363
Post Office - Mubarak,27.1645373,31.1808362
Post Office - Arab El Madabegh,27.166892,31.154728
Post Office - Nazlet Abdellah,27.170303,31.203121
Post Office - El Walideya,27.177645,31.222187
Post Office - Arab El Atawla,27.1783117,31.1859257
Post Office - Asiout,27.1794693,31.1877015
Post Office - Asiout Mahatta,27.1794726,31.1876583
Post Office - Iskandareyet Mubarak,27.185183,31.078219
Post Office - Assiut University,27.1871103,31.1755636
Post Office - Faculty Of Pharmacy,27.1881011,31.1660775
Post Office - El Boura & El Hadaya,27.1967418,31.0772324
Post Office - Elwan,27.197465,31.097442
Post Office - Bani Ghaleb,27.199431,31.050922
Post Office - Islamic Faculty For Girls,27.201075,31.166817
Post Office - Manqebad,27.2013296,31.1033437
Post Office - El Maasara,27.205869,31.222394
Post Office - Bosra,27.218915,31.258546
Post Office - Bani Mor,27.2189853,31.1888273
Post Office - El Kasr,27.2194385,31.2332223
Post Office - Bani Zaid El Akrad,27.222387,31.154326
Post Office - El Feyama,27.2224262,31.23997
Post Office - El Ezzeya,27.222883,30.991848
Post Office - Masraa,27.228486,31.0284986
Post Office - Sallam,27.233509,31.113809
Post Office - El Odr,27.243527,31.101944
Post Office - Koum Abou Shail,27.245807,31.175035
Post Office - Hurghada,27.2496504,33.8196873
Post Office - Bani Adeyat,27.249954,30.927825
Post Office - Nagaa Sabaa,27.250805,31.062339
Post Office - Bahig,27.251997,31.106966
Post Office - Makady Beach,27.2578957,33.8116067
Post Office - El Hammam,27.261187,31.178958
Post Office - Abnoub,27.264569,31.155007
Post Office - Bani Ibrahim,27.2674027,31.151928
Post Office - Asiout El Gadida,27.2735943,31.2978682
Post Office - El Hawatka,27.2741877,31.018056
Post Office - Bani Mohamedeyat,27.280658,31.075417
Post Office - El Atamna,27.287533,30.897998
Post Office - Koum El Mansoura,27.2974704,31.0404978
Post Office - El Amayem,27.304842,30.877617
Post Office - Bani Magd,27.306654,30.932008
Post Office - Akhmeem 2,27.307826,30.9774378
Post Office - Manfalout,27.309251,30.965713
Post Office - Bani Rafea,27.3115158,30.9713333
Post Office - El Shanabla,27.3147555,31.0282076
Post Office - Naza Qarar,27.324706,30.914499
Post Office - El Maabda,27.339969,31.020975
Post Office - El Tataleya,27.341752,30.830073
Post Office - Bani Sheqir,27.360796,30.949848
Post Office - El Medwar,27.377305,30.888796
Post Office - El Deir El Mohreq,27.381547,30.778881
Post Office - El Gouna El Seyahy,27.385,33.6791667
Post Office - Arab El Gahma,27.394088,30.769843
Post Office - El Temsaheya,27.395023,30.806849
Post Office - El Saraqna,27.4177971,30.7755646
Post Office - El Habalsa,27.4279951,30.7600561
Post Office - Bani Qorra,27.4378935,30.8162909
Post Office - El Qouseya,27.437996,30.810766
Post Office - Bani Helal,27.4444444,30.8166667
Post Office - El Manashy Dayrout,27.494885,30.753079
Post Office - Koum Bouha,27.511285,30.818647
Post Office - El Mandara Bahary,27.537598,30.836106
Post Office - Beblaw,27.538672,30.790053
Post Office - Abou El Hedr,27.5502358,30.8077635
Post Office - Bawait,27.552835,30.717962
Post Office - Nazlet Mostafa,27.5729039,30.7008631
Post Office - Dashlout,27.573218,30.705458
Post Office - Nazlet Abdellah Dayrout,27.584937,30.831081
Post Office - Amshoul,27.5950743,30.7525064
Post Office - Garf Sarhan,27.596724,30.842079
Post Office - El Motawaa,27.599157,30.845497
Post Office - Ashmo El Arous,27.6376503,30.8510692
Post Office - Bani Salem,27.6394575,30.7980786
Post Office - Abou Qelta,27.7327603,30.8396598
Post Office - Ibshadat,27.7788099,30.7809676
Post Office - Sharm El Sheikh,27.860097,34.302749
Post Office - Abou Redis,27.9158175,34.3299505
Post Office - Abiouha,27.9307825,30.8380667
Post Office - El Menia 2,28.084807,30.759297
Post Office - El Maana,28.0864168,30.7621446
Post Office - Ard El Mawled,28.087225,30.763628
Post Office - El Menia Mahatta,28.098105,30.753283
Post Office - El Menia,28.10111,30.756204
Post Office - El Gadida,28.1023038,30.7537983
Post Office - Toukh El Khail,28.1044064,30.6708455
Post Office - Minia University,28.111752,30.741248
Post Office - Faculty Of Arts,28.123353,30.740379
Post Office - Astal,28.297814,30.7116561
Post Office - Abou Aziz,28.4225742,30.7729018
Post Office - Dahab,28.4836135,34.4910247
Post Office - Abou El Abbas,28.4916998,30.8026155
Post Office - Saint Catharine,28.570112,33.9346527
Post Office - Aba El Waqf Balad,28.6412365,30.8422984
Post Office - Abbad Sharouna,28.6476243,30.8432204
Post Office - Atf Haidar,28.6978527,30.768098
Post Office - Absoug,28.822718,30.899205
Post Office - El Fashn,28.8228403,30.8991338
Post Office - Zawyet El Naweya,28.904877,30.886939
Post Office - Bani Mady,28.9219676,30.984424
Post Office - Bedehl,28.9490848,30.8613785
Post Office - Saft Rashin,28.9706518,30.911689
Post Office - Nuweibaa,28.976759,34.664415
Post Office - Sannour,28.985863,31.059313
Post Office - Barawet El Waqf,29.024672,31.0407505
Post Office - Bani Soliman El Sharqeya,29.0299861,31.0826465
Post Office - El Halabeya,29.036529,31.055149
Post Office - Ehwa,29.041538,31.002794
Post Office - Abou Zeneima,29.048985,33.121836
Post Office - Tazment El Sharqeya,29.053248,31.059679
Post Office - Barout El Qamar,29.056245,31.024413
Post Office - El Deweya,29.060127,31.089741
Post Office - Ihnasya El Khadraa,29.0661274,31.0993845
Post Office - Bayad El Arab,29.066392,31.132396
Post Office - Banisuef El Gadida,29.0689,31.0998792
Post Office - Tazmant El Gharbeya,29.072712,31.061218
Post Office - Banisuef 2,29.075202,31.089849
Post Office - Banisuef,29.076314,31.0957584
Post Office - Domoshya,29.076988,31.023812
Post Office - Bani Haroun,29.077569,31.074976
Post Office - Moqbal,29.0799774,31.1027088
Post Office - Courts Complex,29.081006,31.092515
Post Office - Ihnasya El Madina,29.0865157,30.9461562
Post Office - Bani Affan,29.090208,31.050752
Post Office - Bani Hany,29.0907493,30.9405936
Post Office - Sherif Pasha,29.103895,31.131409
Post Office - Naaim,29.116967,31.088888
Post Office - El Dawalta,29.119081,31.065041
Post Office - Baha,29.139399,31.013092
Post Office - Hager Bani Soliman,29.162617,30.991591
Post Office - Qalamsha,29.164841,30.838575
Post Office - Ashmant,29.170689,31.1022942
Post Office - Siwa,29.2048904,25.5207578
Post Office - El Menia El Fayoum,29.224991,30.747172
El Gaafra Post Office,29.2257441,30.7523096
Post Office - Demshqin,29.232284,30.934608
Post Office - Qalhana,29.233292,30.841654
Post Office - Abou Gandeer,29.2378946,30.7913458
Post Office - El Maqrany,29.264551,30.637429
Post Office - Metoul,29.2680655,30.7553827
Post Office - Senoufar,29.281948,30.868027
Post Office - Taba,29.2838624,34.7331143
Post Office - Ibgig,29.284831,30.815167
Post Office - El Hamouly,29.285747,30.615848
Post Office - Abou Donqash,29.2902916,30.6790326
Post Office - Desya,29.295415,30.766084
Post Office - Gardo,29.299082,30.713588
Post Office - El Sheikh Hassan Buildings,29.300665,30.833784
Post Office - El Goun,29.3050846,30.8456862
Post Office - Central El Fayoum,29.305723,30.843383
Post Office - Tabhar,29.3079318,30.7085721
Post Office - Bani Saleh,29.3084021,30.8428497
Post Office - El Nazla,29.308792,30.649959
Post Office - Dar El Ramad,29.315885,30.848178
Post Office - Shat El Nil,29.331293,31.219611
Post Office - Abou Sir El Malaq,29.3341042,31.2049538
Post Office - El Agamain,29.342225,30.718146
Post Office - El Khawagat,29.346334,30.569069
Post Office - Sila,29.353046,30.868027
Post Office - Abou Kesah,29.3570143,30.6805381
Post Office - Youssef El Seddik,29.361753,30.444236
Post Office - Motartares,29.363198,30.902785
Post Office - Ibshaway,29.3657892,30.6849925
Post Office - El Shawashna,29.373646,30.606963
Post Office - El Seleyeen,29.379599,30.792791
Post Office - El Mosharrak El Qebly,29.384183,30.565276
Post Office - El Falah El Gharby,29.392153,30.539443
Post Office - Naqalifa,29.394848,30.825975
Post Office - Sersena,29.397664,30.965139
Post Office - Faidyamin,29.4064995,30.7676565
Post Office - Kafr Qandil,29.4080614,31.252741
Post Office - Kahk,29.413117,30.628375
Post Office - Sennouras,29.416673,30.867609
Post Office - El Reqqa,29.432889,31.221596
Post Office - Gabala,29.446658,30.894522
Post Office - Kafr El Wasleen,29.451091,31.272134
Post Office - El Qababat,29.457543,31.268748
Post Office - Shakshouk,29.462704,30.706679
Post Office - Tameya,29.473432,30.953099
Post Office - Fanous,29.4779861,30.961645
Post Office - Kafr Tarkhan,29.490601,31.227151
Post Office - Kafr Ammar,29.4980579,31.236342
Post Office - El Wedy,29.5218973,31.2775298
Post Office - El Eqeba,29.5291228,35.0044152
Post Office - Oskor,29.533104,31.289792
Post Office - El Lesht,29.5689758,31.2302876
Post Office - El Aateyat,29.5756872,31.294635
Post Office - Bamha,29.588382,31.238879
Post Office - El Fahmeen,29.597422,31.288629
Post Office - Arab El Hesar El Qebleya,29.6135534,31.3157193
Post Office - El Aqwaz,29.619614,31.292673
Post Office - Bahbeet,29.6202339,31.2595043
Post Office - El Ayyat,29.620855,31.257238
Post Office - Tahma,29.6298733,31.2362867
Post Office - El Saff,29.6393073,31.3240213
Post Office - El Balida,29.6440148,31.2697105
Post Office - El Atf,29.652175,31.274701
Post Office - Manshaet Fadel,29.692722,31.267313
Post Office - El Ekhsas,29.7055207,31.2852361
Post Office - Ghammaza El Kobra,29.710567,31.299804
Post Office - El Menia Giza,29.7456402,31.2983463
Post Office - Zawyet Dahshour,29.751809,31.241533
Post Office - El Shobak El Sharqy,29.777713,31.300996
Post Office - El Badrasheen,29.793209,31.246281
Post Office - Helwan El Balad,29.813217,31.30539
Post Office - El Marazeeq,29.819609,31.257853
Post Office - El Shenbab,29.826067,31.254212
Post Office - 15th Of May 7,29.830952,31.38358
El Mogamaa El Sakany Post Office,29.8358599,31.3474182
Post Office - 15th Of May 3,29.8368766,31.3607392
Post Office - Manshaet El Gamal,29.838141,31.304361
Post Office - El Ezbetein,29.8386379,31.3355077
Post Office - El Abageya Bldgs.,29.839281,31.348925
Post Office - El Iskan El Eqtesadeya,29.840575,31.319304
Post Office - Zahraa Helwan,29.8476019,31.3329398
Industrial Housing Post Office,29.8483192,31.3368529
Post Office - Saqqara,29.85,31.216667
Post Office - Meet Rahina,29.8508937,31.2424373
Post Office - Ezbet El Walda,29.8669175,31.3035186
Post Office - Helwan University,29.8672417,31.316174
Iskan El Nasr Post Office,29.8884737,31.3075526
Post Office - Abou Sir,29.889675,31.218114
Hadayek Helwan Post Office,29.898453,31.301598
Post Office - El Wahat El Bahareya,29.907498,30.8834311
El Maassara Post Office,29.908344,31.3033805
Post Office - 15th Of May 10,29.9096716,31.2952171
Post Office - Arab Sallam,29.9107323,31.289383
Post Office - Umm Khenan,29.9107963,31.2611327
Post Office - El Hawamdeya,29.920966,31.238774
Post Office - Shoubrament,29.932325,31.194752
Post Office - Asmant,29.9393204,31.2782333
Post Office - Ataqa,29.943073,32.463038
6th Of October Post Office Administration,29.9449023,30.9151113
Service complex,29.944976,30.915088
Main october,29.945526,30.906178
Post Office - Tora,29.946036,31.273064
Post Office - Tersa,29.9517097,31.219709
Post Office - Takrir El Petrol,29.9529929,32.4967345
Post Office - Culture & Science City,29.956714,30.914749
Post Office - Abou El Momros,29.957384,31.213292
Post Office - Wholesale Market,29.958183,31.028754
Maadi,29.96116,31.2569959
third district,29.9615578,30.9352372
Post Office - Maadi Armed Forces Hospital,29.9626961,31.2769423
Post Office - Kafr El Gabal,29.965016,31.150199
Post Office - Suez,29.966089,32.5556267
Post Office - Maadi,29.9687013,31.2497255
Post Office - Suez 2,29.9690843,32.5302297
El Souk El Togary Post Office,29.9692083,31.2699292
El Hossary,29.9727571,30.9434974
Post Office - New Maadi,29.9729924,31.2763667
Post Office - Nazlet El Semman,29.9761707,31.1414737
Post Office - El Haysameya,29.976918,31.397375
Post Office - Cairo Tower,29.980675,31.340171
Post Office - 6th October Club,29.9809623,30.9507382
Post Office - 7th District,29.9810191,30.9439558
Post Office - El Basateen Gharb,29.9813778,31.2658865
Post Office - El Sabbah City,29.981639,32.520556
Post Office - Geziret Dar El Salam,29.9824,31.2403
Post Office - El Arbaeen,29.982804,32.530088
Post Office - El Amin & El Rous,29.9829885,31.2450322
Post Office - El Haram El Seyahy,29.983761,31.133706
Post Office - El Malek Faisal,29.984902,32.5115616
Post Office - El Tawfiq,29.985283,32.495695
Post Office - El Basateen,29.9853761,31.2680238
El Remayah,29.9856473,31.1146492
Post Office - El Remaya,29.9860042,31.1145114
Post Office - Saqr Qoraish,29.9866604,31.2842286
Post Office - El Motamayez District,29.9881265,30.9781748
Post Office - Sahel El Ghelal,29.989393,31.232385
Mina garden city,29.9912562,30.9804499
Post Office - El Akhaidar,29.9914812,31.1547523
Post Office - Kafr Nassar,29.9917891,31.1327413
Post Office - 5th Compound,29.9931637,31.4221805
Post Office - El Konayyesa,29.993616,31.199181
Post Office - Saqiet Mekky,29.994854,31.213794
Post Office - Koum Bakkar,29.995332,31.140157
Post Office - El Omraneya El Gharbeya,29.995793,31.202704
Post Office - El Ahram,29.9987749,31.1725152
Post Office - Lawyers Syndicate,29.999249,31.1954328
Post Office - El Talbeya,29.9994702,31.1797823
Post Office - El Fonoun City,30.0013788,31.1974382
El Hadaba El Wosta Post Office,30.0014447,31.2903969
Post Office - Kafr Ghataty,30.00313,31.124049
Post Office - Arab Ghonaim,30.0045979,31.2292242
Post Office - Misr El Qadima,30.0047276,31.2265674
Post Office - El Omraneya El Sharqeya,30.007052,31.205642
Post Office - Giza Recruitment,30.01023,31.217583
Post Office - El Rabea El Gizy,30.010652,31.208699
Post Office - Manshaet El Bakkary,30.0110756,31.1885732
Post Office - Giza 2,30.01238,31.212253
Post Office - Haram Distribution,30.0145203,31.1796739
Post Office - Abou El Saud,30.0161636,31.2332377
Post Office - El Moqattam,30.0162586,31.2811586
Post Office - El Tounsy,30.0164667,31.2568332
Post Office - Abou Khalifa,30.0164728,31.2568878
Post Office - Giza 1,30.016883,31.213462
Post Office - El Maleka,30.0173737,31.1956592
Post Office - El Malek El Saleh,30.0174038,31.227762
Post Office - Qaitbay,30.017639,31.2511245
Post Office - Public Bldgs.,30.0177685,31.2443198
Post Office - Agricultural Research Center,30.0207225,31.2114284
National Cancer Institute Post Office,30.023759,31.2307373
Post Office - El Gharq,30.024765,31.223557
Post Office - El Sayeda Aaesha,30.026216,31.2562782
Post Office - El Emam El Shafaey,30.026972,31.2518898
Post Office - El Outor,30.0274477,31.1736046
Post Office - Kerdasa,30.0287189,31.1493379
Post Office - Amer Village,30.0290122,32.5594053
Post Office - Zeineen,30.0293915,31.183591
Post Office - El Helmeya El Gadida,30.0298188,31.2402134
Post Office - El Dewaiqa,30.030549,31.216809
Post Office - El Qalaa,30.030675,31.256128
Post Office - El Kasr El Ainy,30.0314064,31.2327644
Post Office - Ras El Hekma,30.032101,31.258832
Post Office - Arab Rashed,30.0339346,31.2372289
Post Office - Kafr El Elw,30.0340567,31.2373074
Post Office - El Sayeda Zeinab,30.0346,31.2466
Post Office - Zein El Abedeen,30.036502,31.253998
Post Office - Environment Service,30.0366295,31.2783983
Post Office - Ministry Of Education,30.036877,31.237284
Post Office - El Dawaween,30.037214,31.239637
Post Office - Boulaq,30.0378142,31.1895656
Post Office - Bain El Sarayat,30.0387939,31.2090248
Post Office - City Council,30.0389,31.2339
Post Office - Bani Magdoul,30.039496,31.111055
Post Office - Council Of Ministers,30.0397772,31.2376421
First district-Zayed,30.03996,31.007948
Post Office - Abdin,30.040519,31.248821
Post Office - El Wezarat,30.042018,31.237066
Post Office - Garden City,30.0429858,31.2350683
Post Office - Industrial Zone,30.0434205,31.0975355
Post Office - Bab El Khalq,30.043979,31.251061
Post Office - Dokki,30.044101,31.209555
Post Office - El Zaytoun El Sharqeya,30.0445223,31.2944148
Post Office - El Tarfaya,30.0445639,31.1789434
Post Office- Bab El Louk,30.044641,31.2413671
Swiss project,30.0450692,31.3594121
Post Office - El Gablayat,30.0450926,31.2845149
Post Office - Children Village,30.0457682,31.351275
Post Office - Ideal Bldgs.,30.0459999,31.2582328
Post Office - Ezbet Belal,30.0460434,31.2585376
Tenth district,30.046156,31.3788437
Post Office - Al Azhar University,30.0463886,31.2609798
Youth district-Zayed,30.046739,30.981407
Post Office - El Ghoureya,30.046933,31.258255
Post Office - El Darrasa,30.0477903,31.2681525
Post Office - Egyptian Museum,30.0478468,31.2336493
Post Office - Cairo Station,30.0484558,31.2717177
Post Office - Mohamed Farid,30.0485,31.2441
Post Office - Ard El Gamaeya,30.049551,31.1944906
Cairo main office,30.049783,31.249088
Post Office - Berak El Khayyam,30.050782,31.159433
Post Office - El Kharanfash,30.0509148,31.2613177
Post Office - Ministry Of Tourism,30.0509267,31.2456016
Post Office - Olympic Village,30.0516508,31.3174807
Post Office - Journalists Syndicate,30.0521,31.2385
seventh district,30.052527,31.33138
Post Office - 8th District,30.0527458,31.350306
Post Office - Television,30.052922,31.230419
Post Office - El Moez Ledin Allah El Fatemy,30.0533695,31.26228
Post Office - El Mahras,30.0538512,31.2393481
Post Office - El Galaa Hospital,30.054455,31.236722
Post Office - El Mohandeseen,30.0545016,31.1973319
Rehab city,30.0549254,31.4909166
Post Office - Auseem,30.0549572,31.1883638
Post Office - Islamic Mission City,30.0561602,31.2779727
Post Office - Bab El Bahr,30.0568974,31.252588
Post Office - Ard El Lewaa,30.0569816,31.2004247
Post Office - 10th District,30.057106,31.380214
Post Office - El Agouza,30.0571978,31.2127875
Post Office - Bahig Mariout,30.0584942,31.2358251
Post Office - Bab El Sheareya,30.0587732,31.2618488
Post Office - Zamalek Tawzeea,30.0588417,31.2175283
Post Office - Zamalek,30.0605128,31.2223831
Post Office - El Faggala,30.061,31.2484
Post Office - Ministry Of Foreign Affairs,30.0623436,31.222592
Post Office - El Zaher,30.0627558,31.259407
Post Office - Ain Shams Medicine,30.0629332,31.2464422
Post Office - El Azbakeya,30.0631902,31.248867
Conferencies Organization Post Office,30.064473,31.310078
Post Office - Abou Rawash,30.064637,31.025217
Post Office - El Sabteya,30.0647,31.236
Post Office - El Qobesy,30.0650854,31.261152
Post Office - Abbaseya,30.0655447,31.2771159
Post Office - Nasr City Bldgs.,30.0662774,31.3226643
Post Office - Sales Taxes,30.0664,31.3254
Post Office - Geziret Badran,30.0668,31.2399
First settlement,30.0672396,31.4609753
Post Office - 10th Village Abbis,30.0675703,31.3146474
Post Office - Ahmed Badawy,30.0680201,31.2491851
Post Office - Qossour El Shawam,30.0683,31.2438
Post Office - Ghamra,30.0684784,31.2676438
Post Office - Magd El Islam,30.0704795,31.259046
Post Office - Ezbet El Matar,30.070737,31.185267
Post Office - Investment Authority,30.0708084,31.2961653
Post Office - El Attar,30.0713096,31.2474953
Post Office - Wardan,30.071433,31.185225
Post Office - Shoubra Misr,30.071627,31.2452662
Post Office - Mahmasha,30.0722,31.2615
Post Office - El Gharbeya Traffic Station,30.072914,31.201075
Post Office - 6th Of October Panorama,30.0753695,31.3045345
Post Office - Nasr City,30.0756687,31.3159211
Ain Shams Distribution Post Office,30.075807,31.281116
Post Office - Bani Salama,30.0759974,31.2316291
Post Office - El Mazloum Housing,30.076015,31.256843
Post Office - Cairo University,30.076292,31.208903
Post Office - El Afdal,30.0766636,31.2517772
Post Office - El Omal City,30.0776282,31.2188137
Post Office - Central Auditing Organization,30.0777502,31.3143796
Post Office - Abou Galal,30.0779032,31.2188156
Post Office - Administrative Control,30.078376,31.339532
Post Office - Central Agency For Public Mobilization & Statistics,30.0789655,31.3156686
Post Office - Kafr Hakim,30.079117,31.116381
Post Office - Almaza Camp,30.079247,31.367845
Post Office - El Baragil,30.0792683,31.1590884
Post Office - Dawaran Shoubra,30.0799,31.243
Post Office - Khaled Ibn El Walid,30.0799742,31.2679631
Post Office - Ibn El Rashid,30.0805881,31.2454069
Post Office - Abou Ghaleb,30.0809578,31.2022084
Post Office - Hadaek Shoubra,30.081385,31.2449962
Post Office - Shandoura,30.0814215,31.2854381
Post Office - El Monira 2,30.081666,31.214464
Post Office - Road El Farag,30.0831641,31.2342229
Post Office - El Sahel Hospital,30.084021,31.241909
Post Office - El Amireya Public Bldgs.,30.0840739,31.248667
Post Office - Ard Aziz Ezzat,30.0844976,31.2383852
Post Office - Hadaeq El Qobba,30.0852935,31.2829668
Post Office - Bashteel El Balad,30.0854252,31.1874272
Post Office - Republican Palace,30.0857912,31.2783728
Post Office - Ezbet El Khamaysa,30.0860376,31.2570285
Post Office - Kobry El Qobba,30.0872119,31.2941265
Post Office - 2nd District,30.0889805,31.2771472
Post Office - Kasr El Deyafa,30.0895535,31.3179774
Post Office - El Waily El Kabir,30.091278,31.298905
Post Office - Sidi Abdel Rahman,30.0926812,31.2399486
Post Office - Kafr El Selmaneya,30.094996,31.212013
Post Office - El Gendeya,30.0951154,31.2857862
Post Office - El Horreya,30.0961281,31.3427818
Post Office - Saray El Qobba,30.096254,31.303913
Post Office - El Warraq Services Complex,30.0969938,31.2111216
Post Office - Atlas Housing,30.098408,31.2663
Post Office - El Khalafawy,30.1005,31.2451
Post Office - Central Cairo,30.1006492,31.3002298
Post Office - Sheraton,30.1032086,31.3760908
Post Office - El Nour City,30.1034488,31.2608758
Post Office - West Heliopolis,30.1035793,31.3302089
Post Office - Kasr El Gebaly,30.1037376,31.3130998
Post Office - Arab Juhaina,30.105123,31.214714
Post Office - El Sawahga,30.1051518,31.2926222
Post Office - El Qaitoun,30.1052114,31.3096642
Madinty,30.1057889,31.630787
Post Office - El Obour,30.1080588,31.2467505
Post Office - El Koum El Ahmar,30.110261,31.172585
Post Office - Geziret Mohamed,30.111174,31.197756
Post Office - Helmeyet El Zaitoun,30.1149105,31.3154417
Post Office - El Helmeya Public Bldgs.,30.1193871,31.3184191
Post Office - Talaat Harb,30.1205332,31.1393756
Post Office - Noubar,30.1216747,31.2451762
El Shams Club Post Office,30.1216819,31.3432726
Post Office - El Matareya,30.1217623,31.3129955
El Naam,30.1225262,31.3215857
Post Office - Bortos,30.1229391,31.1358702
Post Office - El Farnawany Housing,30.123717,31.240689
Post Office - Taawon El Matareya,30.1253988,31.3181252
Post Office - El Shaheed Abdel Moneim Riad,30.1279773,31.3300595
Post Office - Manshaet Nasser,30.1283344,31.2535882
New Nozha,30.1287226,31.3779831
Post Office - Ain Shams,30.1292776,31.3229482
Ain Shams,30.129283,31.322984
Post Office - Shalaqan,30.1294599,31.2431629
Post Office - Badr City,30.1300676,31.7194931
Post Office - Zahraa Ain Shams,30.1301047,31.3269987
Post Office - El Saada & Taawon City,30.1307005,31.2392743
Post Office - El khazaf & El Siny,30.1312413,31.2855668
Post Office - Arab El Hesn,30.1350609,31.3079151
Post Office - El Zahweyin,30.1350815,31.2696332
Post Office - Arab El Tawaila,30.135331,31.313046
Post Office - Mogoul,30.135663,31.3149323
Post Office - Bahtim,30.1358655,31.27047
Post Office - El Gomhoureya,30.135979,31.349486
Republic of Ain shams,30.135997,31.349493
Post Office - East El Roubiky Housing,30.136,31.715
Post Office - Basous,30.136318,31.214884
El Mostakbal housing,30.137243,31.659987
Post Office - Highkestep,30.1388809,31.4213744
Mentay Post Office,30.139643,31.242531
Qubaa east,30.140071,31.384532
Post Office - Wadi Feran,30.1406232,31.250908
Post Office - El Assara,30.1406588,31.325838
Post Office - Ezbet El Nakhl,30.1412646,31.322854
Kafr El Shourafa Post Office,30.1454126,31.3402612
Post Office - Etreeb,30.1459185,31.2335647
Post Office - Qebaa,30.1464777,31.3214631
Post Office - Berket El Haj,30.150455,31.367081
Post Office - Abou El Ghait,30.1551169,31.1923521
Post Office - El Khosous,30.160119,31.311547
Post Office - El Shorouq City,30.1616693,31.6042141
Post Office - El Obour Market,30.1625819,31.4667793
Post Office - Zat El Koum,30.166962,31.072947
Post Office - El Salam,30.1677419,31.4130912
Post Office - Borqash,30.1678622,31.0439113
Post Office - El Kharqaneya,30.1698063,31.1725577
Post Office - El Nahda,30.173618,31.437727
Post Office - Sidi Abdel Rahman Ibn Ouf,30.174501,31.206122
Post Office - Balqas,30.174608,31.280326
Post Office - Ikhsas El Manashy,30.174945,31.1194461
Post Office - El Sabbah,30.1762897,31.2067851
Post Office - El Hassanein,30.176842,31.104549
Post Office - El Jalatma,30.1773344,31.1193064
Post Office - Koum Ashfeen,30.180983,31.253815
Post Office - Gezzaya,30.183847,31.037829
Post Office - El Rahawy,30.1853879,31.1082887
Post Office - El Qanater El Khaireya,30.195355,31.133031
Post Office - Ezbet El Ahaly,30.2013186,31.1082857
Nay Post Office,30.2028091,31.2507928
Halaba Post Office,30.2035399,31.1918422
Post Office - Kafr Abou Gomaa,30.207334,31.219463
Post Office - Qalama,30.217179,31.207182
Post Office - Abou Zaabal El Werash,30.2182236,31.3579913
Post Office - Manial Arous,30.221695,31.030662
Post Office - Bahada,30.2220656,31.1425202
Post Office - Kafr El Sharfa El Gharby,30.222442,31.127627
Post Office - El Qata,30.223549,30.972105
Post Office - Sanafir,30.2237634,31.1629201
Post Office - Kafr Hamza,30.2314822,31.3351085
Post Office - Shaashaa,30.232101,31.065696
Post Office - Nawa,30.2342132,31.267283
Obour city,30.235497,31.467484
Post Office - Shatanouf,30.239499,31.073489
Tanan Post Office,30.2432354,31.2413326
Post Office - Kafr Abian,30.2474943,31.3499141
Post Office - Sendioun,30.247616,31.209533
Post Office - Abou Zaabal El Balad,30.248908,31.354515
Post Office - El Obour Housing,30.2532566,31.4705247
Post Office - Sarawa,30.2545704,31.0890196
Post Office - Noub Taha,30.256332,31.294612
Post Office - Bouha Shatanouf,30.258543,31.034626
Post Office - Aghour El Soghra,30.2675188,31.1430436
Post Office - Kofour El Raml,30.2676592,31.0530362
Kafr Taha Post Office,30.2688394,31.2975014
Post Office - Kafr Sendewa,30.274864,31.314695
 9th Neighborhood,30.278867,31.74389
Qaranfil Post Office,30.2810411,31.1595041
Post Office - Tahanoub,30.2819378,31.293456
Post Office - Qaha,30.282282,31.206406
Post Office - 10th Of Ramadan,30.2827299,31.7403589
Post Office - Ezbet El Saghir,30.284878,31.130366
Post Office - 10th Of Ramadan 2,30.284928,31.715137
The second tenth,30.284979,31.715127
El Mareg Post Office,30.286796,31.316407
6th neighborhood,30.292355,31.741616
Post Office - Arab El Sawalha,30.2951675,31.353227
Post Office - Ashmoun,30.2961845,30.9814453
Post Office - Dalhomo,30.2966347,30.9745557
Post Office - Kafr Shebin,30.297575,31.300831
Post Office - Sobk El Ahad,30.303528,31.029352
44th neighborhood,30.304466,31.7129685
Post Office - El Shobak,30.3065452,31.333391
Post Office - El Hasafa,30.307079,31.281159
Post Office - Sentris,30.309788,31.0606335
Post Office - Sarabyoum,30.311831,32.31332
Post Office - Shebin El Qanater,30.3140151,31.3164297
Post Office - Shoubra Hares,30.314747,31.193928
Post Office - Meniet Shebin El Qanater,30.31477,31.3259371
Post Office - El Monayar,30.318148,31.394692
Post Office - Manshaet El Keram,30.32295,31.360862
Post Office - Barshoum El Kobra,30.3237971,31.1120977
Post Office - Geris,30.3252325,30.9261294
Post Office - Shoshay,30.326205,31.001364
Post Office - Meniet Bani Mansour,30.3283052,31.3335434
Post Office - Qasha,30.334198,31.384634
Post Office - Samadoun,30.334679,30.957247
Post Office - El Sahafa,30.334935,31.401755
Post Office - Ahmed Orabi Association,30.3381453,31.8613676
Post Office - Kafr El Regalat,30.339491,31.097914
Post Office - Manial Deweeb,30.340313,31.028631
Post Office - Mashtoul El Souk El Mahatta,30.347493,31.387913
Post Office - Aghour El Kobra,30.3536522,31.2016985
Post Office - El Ghaffareya,30.3540885,31.407818
Post Office - Shanshour,30.3550221,30.9940829
Post Office - El Manasra,30.3557304,31.3713164
Post Office - El Angab,30.356013,30.932132
Post Office - Mashtoul El Souk El Balad,30.360235,31.380166
Post Office - El Khatatba Mahatta,30.360841,30.819029
Post Office - Tahaway,30.3608646,30.8718801
Post Office - Tehourya,30.361656,31.330043
Post Office - El Khadra,30.361806,31.028882
Post Office - Imyay,30.363189,31.142635
Post Office - El Saadat,30.367408,30.505471
Post Office - Qolta El Kobra,30.369888,31.013372
Post Office - Bear Shams,30.3730146,31.0518711
Post Office - Kafr El Khadra,30.3745033,31.0172055
Post Office - El Khatatba Balad,30.375573,30.841042
Wadi El Natroun Post Office,30.3770295,30.3478361
Post Office - Anshas El Raml,30.379907,31.454373
Post Office - Shama,30.3811381,30.9101934
Post Office - Kafr Mahmoud,30.3823921,31.0650488
Post Office - Kafr El Ghanameya,30.382513,31.043274
Post Office - Degwa,30.3832087,31.1168572
Post Office - Qouta,30.3837878,31.2153849
Post Office - Telwana,30.3840748,30.998928
Post Office - Meet Afif,30.388735,31.0937912
Post Office - Kafr El Sharabeya,30.3892272,31.3432316
Post Office - Ghita,30.390701,31.522801
Post Office - Ibrash,30.391326,31.3713366
Post Office - Bahnay,30.393256,31.068817
Post Office - Bear Emara,30.3944815,31.489808
Post Office - Bahwash,30.396131,30.894887
Post Office - Bi El Arab,30.398034,31.038785
Post Office - El Akhmas,30.399105,30.836088
Post Office - Kafr Ibrash,30.402798,31.384855
Post Office - Air City,30.402898,31.582124
Post Office - Abou Senaita,30.405147,31.059216
Post Office - Dahamsha,30.405682,31.408916
Post Office - Fisha El Soghra,30.406153,30.994844
Post Office - Abou Nashaba,30.4063908,30.5624474
Post Office - Hefna,30.407978,31.441968
Post Office - Marsafa,30.409193,31.245804
Post Office - Kafr Tahla,30.4111519,31.1395481
Post Office - Abou Sultan,30.4114695,32.3041182
Post Office - Kafr Dahamsha,30.4128836,31.3899223
Post Office - Qeremla,30.415297,31.44158
Post Office - Qanater El Qarnein,30.4153361,31.0876873
Post Office - Awlad Mehanna,30.4158383,31.5621184
Post Office - Farsis,30.4160424,31.2183618
Post Office - Belbeis,30.4200789,31.5626438
Post Office - El Bagour,30.4236464,31.0372946
Post Office - Meet Asem,30.4272212,31.1792802
Post Office - Moushirf,30.4292124,31.118928
Post Office - Ibkhas,30.429526,31.062184
Post Office - Garwan,30.4300152,31.0104739
Post Office - El Hassana,30.4311111,33.7816667
Post Office - Zahr Shorb,30.431215,31.316669
Post Office - Meet Hamal,30.431711,31.539005
Post Office - Kafr El Hamam,30.433337,31.239354
Post Office - Kafr El Shomout,30.4336215,31.227366
Post Office - El Tarana,30.434679,30.836744
Post Office - El Balashoun,30.4358451,31.441834
Post Office - Sobk El Dahhak,30.438627,31.068909
Post Office - Kafr El Sanabesa,30.4388859,30.9037293
Post Office - Meet El Atar,30.440278,31.142175
Post Office - Shoubra El Enab,30.440677,31.340311
Post Office - Shoubra El Nakhla,30.441584,31.472145
Post Office - El Ramla,30.4417271,31.1591416
Post Office - Kafr Aioub Soliman,30.4433206,31.5903364
Post Office - El Katiba,30.444613,31.603147
Post Office - Kafr Shoubra Zengy,30.445543,31.001119
Post Office - Meet El Wosta,30.445621,31.088639
Post Office - Sansaft,30.445877,30.852476
Post Office - Kafr Ibrahim El Ayaidy,30.446476,31.581079
Post Office - Manshaet Badawy,30.449626,31.185126
Post Office - Kafr Manaqer,30.4523136,31.1798154
Post Office - Meniet El Sebaa,30.452616,31.225476
Post Office - Abshish,30.456227,31.095981
Post Office - Shoubra Zengy,30.456979,31.001926
Post Office - Kafr Bata,30.457183,31.143147
Post Office - Bata,30.458015,31.144606
Post Office - Banha El Balad,30.459164,31.18036
Post Office - Manawahla,30.463271,31.051303
Post Office - Monouf,30.4639934,30.9363519
Post Office - El Naamna,30.464715,31.3886716
Post Office - Barahim,30.464721,30.890779
Post Office - Kafr Dawoud,30.465803,30.826351
Post Office - Damlig,30.4659284,30.9305801
Post Office - Sanhout,30.466976,31.339724
Post Office - Estanha,30.4684581,31.1180293
Post Office - Awlad Seif,30.469053,31.568351
Post Office - Banha University,30.470271,31.186542
Post Office - Monouf Bahary,30.470647,30.929323
Post Office - Shablanga,30.471424,31.258829
Post Office - Banha El Gadida,30.472818,31.178903
Post Office - Bishet Ammer,30.473532,31.466352
Post Office - Qamrouna,30.476221,31.300192
Post Office - El Gaafareya,30.477203,31.664171
Post Office - Kafr El Gazzar,30.477638,31.170183
Post Office - El Hamoul,30.479198,30.974657
Post Office - Kafr Moweis,30.4810546,31.2332575
Post Office - El Azizeya,30.4897174,31.319629
Post Office - Kafr Abaza,30.4899604,31.5666078
Post Office - Shalshalmoun,30.490498,31.383664
Post Office - Koum Helin,30.492219,31.324851
Post Office - El Amera,30.495459,30.979409
Post Office - Meet Rady,30.495647,31.211459
Post Office - El Helmeya El Sharqeya,30.496799,31.652621
Post Office - Shoubra Bloula,30.498037,30.973453
Post Office - Gamgara El Gadida,30.4995258,31.2294665
Post Office - Demlo,30.499653,31.195727
Post Office - El Barigat,30.499656,30.824535
Post Office - Meet Yazid,30.5007458,31.346735
Post Office - Anshas El Basal,30.502175,31.562816
Post Office - Istebary,30.502406,31.051062
Post Office - Ein Ghosein,30.505054,32.297236
Post Office - Kafr Kordy,30.505966,31.246786
Post Office - Abou Towala,30.5104799,31.3455091
Post Office - Safita,30.510568,31.486534
Post Office - Arab El Ramal,30.5114186,31.1537256
Post Office - El Shaqr,30.511892,31.276788
Post Office - Kafr Mansour,30.513738,31.225885
Post Office - Meet El Hofein,30.515416,31.208534
Post Office - Attaf,30.517029,31.343268
Post Office - Meet El Qasry,30.517106,31.068274
Post Office - Dabarky,30.518436,30.885514
Post Office - Meet Bashar,30.5188541,31.3987782
Post Office - Bordeen,30.519641,31.504035
Post Office - Manshaet Demlo,30.519661,31.174433
Post Office - Kafr Wahb,30.519959,31.142201
Post Office - Kofour Amer & Radwan,30.520839,31.2317847
Post Office - Kafr El Mandara,30.520913,31.270729
Post Office - Meet Masoud,30.5225282,31.0488177
Post Office - El Raheb,30.524339,31.028457
Post Office - Manshaet Sultan,30.5265575,30.9184943
Post Office - Shabshir Tamalay,30.527291,30.859099
Post Office - Kafr El Sheikh Ibrahim,30.528263,31.143285
Post Office - Modereyet El Tahrir,30.530439,30.794006
Post Office - Tah Shoubra,30.532091,31.099205
Post Office - Tahra Hamid,30.532118,31.570187
Post Office - Meet Abou Aly,30.532952,31.497906
Post Office - Asneet,30.5336431,31.2265252
Post Office - Abou Hammad,30.5371328,31.6789907
Post Office - El Khais,30.538238,31.589831
Post Office - El Baqashin,30.5392182,31.276506
Post Office - El Qaraqra,30.541842,31.421238
Post Office - Meet Bera,30.544056,31.212293
Post Office - Bahteet,30.5443766,31.6798307
Post Office - El Tal El Kabir El Balad,30.544816,31.782991
Post Office - El Qebly District,30.5451448,31.0085648
Post Office - El Baalouh,30.5453593,31.8674134
Post Office - Sharanees,30.5458234,31.1599969
Post Office - Manshaet El Sadat,30.546048,30.831997
Post Office - El Mosailaha,30.5468565,31.0391433
Post Office - El Eraqeya,30.547735,30.904103
Post Office - Quwaisna,30.5478579,31.136997
Post Office - El Sheikheya,30.547905,31.066603
Post Office - Nader,30.547935,30.854821
Post Office - Kafr Shanawan,30.5490335,31.2671015
Post Office - Nabil El Waqqad,30.5490454,30.7235164
Post Office - Eastern Bank,30.549847,31.010507
Post Office - Zawyet El Naoura,30.551761,30.8606832
Post Office - Shebin El Koum,30.551921,31.005938
Post Office - Geziret El Saada,30.553004,31.590026
Post Office - El Aslougy,30.5550201,31.5158392
Post Office - El Taleen,30.556168,31.358549
Post Office - El Fedaeya,30.557498,32.037643
Post Office - Shobak Basta,30.5597689,31.5355414
Post Office - Ghazalet El Khis,30.560091,31.572284
Post Office - El Qassaseen El Gadida,30.5601091,31.9412526
Post Office - El Dalatoun,30.5604564,31.0079484
Post Office - Abou Sweir,30.5617516,32.1141438
Post Office - El Ramly,30.5651672,31.1578769
Post Office - Quwaisna El Balad,30.5655798,31.1600469
Post Office - Kafr Abou El Hassan,30.565634,31.090948
Post Office - Nefesha,30.5656372,32.2356338
Post Office - El Zankaloun,30.5663659,31.4416255
Post Office - Kafr Abou Hakem,30.567841,31.484583
Post Office - Zaqaziq Traffic Station,30.568358,31.511218
Post Office - Markaz Badr,30.5693035,30.709596
Post Office - Ibnahas,30.5694883,31.1257116
Post Office - Koum Hamada,30.5708404,30.7117074
Post Office - Kafr Tesfa,30.570861,31.306061
Post Office - Ghazl Shebin El Koum,30.572866,31.001442
Post Office - El Tahra,30.5741813,31.5569299
Post Office - El Azzazy,30.574374,31.691194
Post Office - Shoubra Bokhoum,30.5768611,31.2176738
Post Office - El Manshaah El Kobra,30.5781193,31.2578597
Post Office - Kafr Ashma,30.579295,30.897445
Post Office - Ezzat Sharaf Camp,30.579523,31.783225
Post Office - El Wasefeya,30.5807987,32.1724498
Post Office - El Galaa Camp,30.583952,32.250256
Post Office - Governmental Authorities Complex,30.5848884,31.4968557
Post Office - El Mostaqbal City,30.5851535,32.1915283
Post Office - Bekhaty,30.585456,30.960157
Post Office - Zaqaziq University,30.585638,31.481324
Post Office - Bani Qoraish,30.587899,31.365847
Post Office - El Zaqaziq,30.5881548,31.5045697
Post Office - Towehar,30.588296,31.643254
Post Office - Kafr Tanbedy,30.588717,30.989791
Post Office - El Qanah,30.588719,32.282439
Post Office - Ismaileya Security Directorate,30.590486,32.274431
Post Office - Bani Aioub,30.591951,31.674859
Post Office - Beshtemay,30.5931386,30.8979621
Post Office - El Ismaileya,30.5944189,32.2724173
Post Office - Hala,30.594971,31.287719
Post Office - Araisheyet Misr,30.5956132,32.2707845
Post Office - Meet Afya,30.596703,31.054661
Post Office - Melig,30.596751,31.040135
Post Office - Bani Shebl,30.597323,31.422826
Post Office - Kafr El Akram,30.598743,31.156218
Post Office - Shayba,30.599255,31.471718
Post Office - El Azab,30.5999727,31.2538431
Post Office - Mansheyet El Shohadaa,30.6004362,32.2614741
Post Office - Kafr El Hosr,30.6004562,31.5134421
Post Office - El Nakareya,30.601162,31.462661
Post Office - Danshaway,30.601279,30.851263
Post Office - El Tamlik El Taawony,30.6012934,32.2752018
Post Office - El Sheikh Zayed,30.6040828,32.2928101
Post Office - Banayous,30.6050304,31.5067371
Post Office - Tanbasha,30.6051801,31.0865465
Post Office - Danasour,30.607251,30.820908
Post Office - Kafr Ahmed Borham,30.609891,31.605873
Post Office - El Salam District,30.6101757,32.2620492
Post Office - El Qoreen,30.610761,31.732894
Post Office - Kafr El Hammam,30.6111149,31.5099381
Post Office - Kamshish,30.612384,30.944389
Post Office - Kafr Mousa Omran,30.614721,31.63442
Post Office - El Qanayat,30.615931,31.460943
Post Office - El Bayoum,30.6183919,31.4620967
Post Office - El Asadeya,30.6220312,31.7026714
Post Office - Zawyet El Boqaly,30.622762,30.8030174
Post Office - Meet El Rakha,30.624363,31.230642
Post Office - Mashtoul El Qady,30.6253101,31.5113794
Post Office - Meet Fares,30.626099,31.043503
Post Office - Kafr Attallah Salama,30.6338783,31.5213105
Post Office - Berket El Sabaa,30.6339004,31.0835384
Post Office - Sahel El Gawaber,30.6350128,30.8885215
Post Office - Kafr Aleem,30.635031,31.103761
Post Office - Masged Waseef,30.637838,31.266614
Post Office - Bishet Qayed,30.6403964,31.5450182
Post Office - Zorqan,30.6414636,30.9368556
Post Office - El Tayareya El Balad,30.6417553,30.7758389
Post Office - El Zarzamoun El Sharqeya,30.642227,31.604092
Post Office - kafr Tablouha,30.6427029,30.9478918
Post Office - Umm El Zein,30.642938,31.3352147
Post Office - Bani Abbad,30.643847,31.416133
Post Office - Meet Abou Khaled,30.644019,31.334129
Post Office - Senbo El Kobra,30.6446482,31.2013033
Post Office - Kafr Mekkawy,30.645195,31.518819
Post Office - El Halwat,30.6474339,31.5655344
Post Office - Kafr Nafara,30.649439,31.153545
Post Office - Meet Umm Saleh,30.6501024,31.0483007
Post Office - Shorwaida,30.650657,31.443466
Post Office - Bahnabay,30.653648,31.475237
Post Office - Houd Nagih,30.654831,31.630924
Post Office - Kafr El Sokkareya,30.656895,31.004005
Post Office - Tablouha,30.6568982,30.9615119
Post Office - Dowaida,30.6580304,31.4133388
Post Office - Abou Bakr El Seddik,30.6629812,31.5719303
Post Office - Amrous,30.663368,30.803708
Post Office - El Halamsha,30.663864,31.119045
Post Office - El Awasga,30.6658865,31.5896736
Post Office - El Ghoraib,30.6664877,31.2692413
Post Office - El Dabouneya,30.666921,31.319627
Post Office - Kafr Askar,30.667453,30.920205
Post Office - El Qaramous,30.6674702,31.6860563
Post Office - Hannoun,30.668375,31.178524
Post Office - El Alaqma,30.668702,31.5904
Post Office - Tafahna El Ashraaf,30.6716564,31.3479065
Post Office - Meet El Qorashy,30.672005,31.363316
Post Office - El Andalus,30.6726585,31.5905531
Post Office - Fersis,30.6738004,31.4673021
Post Office - Damanhour El Wahsh,30.674977,31.195956
Post Office - El Korma,30.6757693,31.1377406
Post Office - Zennara,30.675905,30.996105
Post Office - Ganzour,30.677264,31.035947
Post Office - El Dahtamoun,30.6781509,31.7054097
Post Office - Kafr Qarshoum,30.679044,30.975999
Post Office - Kafr El Meqdam,30.6809816,31.3572422
Post Office - Manzel Hayyan,30.681372,31.526802
Post Office - El Gazazra,30.6818403,31.5749508
Post Office - Tala,30.683639,30.930604
Post Office - Farasha,30.685727,31.720081
Post Office - Babel,30.687412,30.995767
Post Office - Bahanya,30.6895015,31.3814928
Post Office - El Dababsha,30.6902425,31.1865746
Post Office - Tonoub,30.690285,30.802859
Post Office - Kafr Kela El Bab,30.690448,31.141416
Post Office - Karadis,30.690577,31.419774
Post Office - Ekwa,30.692355,31.462999
Post Office - Kafr Bahida,30.6926249,31.3312882
Post Office - Saft Gedam,30.693002,30.865026
Post Office - Kafr Abou Hatab,30.694262,31.591016
Post Office - Kafr Sanadid,30.697108,30.977834
Post Office - Abou Kabir,30.6972374,31.582595
Post Office - 3rd Industrial Zone,30.6989645,31.9050662
Post Office - Sendbast,30.6990254,31.2569591
Post Office - Kafr El Bahayta,30.705782,31.351638
Post Office - El Kamaysha,30.708199,30.881883
Post Office - Abou Yassin,30.7098365,31.6310089
Post Office - Awlad Negm,30.7110892,31.5941866
Post Office - Meet Ghamr Central,30.714475,31.253145
Post Office - Meniet El Makram,30.7146382,31.7956033
Post Office - Sentamay,30.7147144,31.3126719
Post Office - Zefta,30.7149642,31.2433137
Post Office - El Ibrahimeya,30.7153283,31.5658795
Post Office - Bemm,30.717328,30.939114
Post Office - El Samlaweya,30.717452,31.178377
Post Office - Nahtay,30.718534,31.189856
Post Office - Kofour Negm,30.7186452,31.5635431
Post Office - Mobasher,30.718877,31.514752
Post Office - Kafr El Genaidy,30.719709,31.486257
Post Office - Juhaina El Qebleya,30.7204891,31.8235104
Post Office - Kheneiza,30.720883,30.676393
Post Office - Oulaila,30.7215758,31.3488489
Post Office - Saft Zoraiq,30.721835,31.459954
Post Office - Kafr Shawish,30.722082,31.755969
Post Office - Zefta Traffic Unit,30.722237,31.241105
Post Office - 9th Neighbourhood,30.7222942,31.8010874
Post Office - Defra,30.7229998,31.0271252
Post Office - Abou Omara,30.7255353,31.6699119
Post Office - Shoubra Soura,30.725724,31.370048
Post Office - Masshala,30.725878,31.134454
Post Office - Abou Kabir 2,30.7265065,31.669094
Post Office - Dest El Ashraf,30.726991,30.653061
Post Office - Daqadous,30.728402,31.294124
Post Office - El Beroum,30.7292559,31.7977435
Post Office - El Samta,30.729305,31.121032
Post Office - Ghazalet Abdoun,30.7316628,31.8434757
Post Office - Santaris,30.731687,31.718539
Post Office - Harbit,30.732504,31.619871
Post Office - Faqous Central,30.7332267,31.8001177
Post Office - Faqous,30.733789,31.8015931
Post Office - El Hawaber,30.7347634,31.4160188
Post Office - Kafr El Sheikh Selim,30.7353475,30.9723463
Post Office - Akyad El Qebleya,30.7358231,31.8796809
Post Office - El Hadain,30.7380838,30.6316363
Post Office - Meet Mohsen,30.7392934,31.2742531
Post Office - Abou Saqal,30.7408902,31.6278987
Post Office - Akyad El Bahareya,30.741707,31.877085
Post Office - Bani Ayyad,30.7434812,31.7439647
Post Office - Dahtoura,30.7450075,31.2352158
Post Office - Meet Ghazal,30.7473095,31.1305458
Post Office - Abou Metanna,30.749001,31.4405
Post Office - Kafr Sarnaga,30.7494553,31.2463292
Post Office - Kafr Zeyada,30.7526591,30.6269894
Post Office - Manshaet Sedqy,30.752868,31.704321
Post Office - El Daydamoun,30.7531581,31.807082
Post Office - El Asayed,30.7532224,31.442761
Post Office - Deyarb Hashem,30.754016,31.443063
Post Office - Abdel Magid El Morsy,30.7546115,30.6980383
Post Office - Kafr El Deeb,30.7586446,31.1821524
Post Office - El Boha,30.762514,31.319382
Post Office - Tawaheen Ikrash,30.763129,31.522376
Post Office - Hanout,30.7667681,31.2283147
Post Office - Kafr Shoubra Qalloug,30.768034,31.203365
Post Office - Abou El Ghar,30.768577,30.8530051
Post Office - El Inshaa El Haditha,30.770708,31.108104
El Mansheyya El Gedida Post Office,30.7754438,30.9933125
Post Office - Taha El Marg,30.776418,31.371622
Meet Hebeish El Bahareya Post Office,30.7764444,31.0200909
Post Office - El Haswa,30.777446,31.730002
Post Office - El Sheikh Rozaiq,30.778179,31.764419
Post Office - Abou El Shoqouq,30.7782925,31.6368663
Post Office - El Saleheya El Qadima,30.7789004,32.0001855
Post Office - Beshla,30.7791704,31.2608182
Post Office - Sonbat,30.779494,31.226774
Post Office - El Sagha,30.780898,30.997034
Post Office - Meet Maymoun,30.783171,31.149798
Post Office - Baramkeem,30.783818,31.465846
Post Office - Kafr El Haj Hassan,30.7852348,31.4903076
Post Office - Delebshan,30.7878924,30.8037272
Post Office - El Gemmaiza,30.7889423,31.1261248
Post Office - Safour,30.7898481,31.4027868
Post Office - Tanta,30.790836,30.998207
Post Office - Shershaba,30.7916924,31.1703042
Post Office - El Toud,30.792043,30.617424
Post Office - El Samaana,30.7925296,31.8517484
Post Office - Qahbouna,30.792723,31.906462
Post Office - Kafr Saqr,30.792818,31.626018
Souk El Gomla Post Office,30.7936481,30.98599
Post Office - El Hagarsa,30.793663,31.617038
Post Office - Kafr Hashad,30.795572,30.7961553
Post Office - Kafr Shammakh,30.7956929,30.786935
Post Office - El Nady Street,30.796061,30.993039
Post Office - Bahida,30.7973113,31.2990943
Post Office - Gemmaizet Bani Amr,30.797516,31.531882
Post Office - Awlad Mousa,30.798449,31.745064
Post Office - Kafr Dayama,30.7991515,30.8747417
Post Office - Qantir,30.801598,31.837004
Post Office - Shoubra El Namla,30.8026278,30.9253023
Post Office - Damas,30.8031563,31.3232
Post Office - Ashnaway,30.804258,31.058356
Post Office - Kafr Saad,30.8044712,31.2764776
Post Office - Kafr Essam,30.8064252,31.0005845
Post Office - El Dalgamoun,30.808091,30.833285
Post Office - El Akhaywa,30.80947,31.968692
Post Office - Shenraq,30.811088,31.158806
Post Office - El Ghazaly,30.8165148,31.8162533
Post Office - El Mashaala,30.8175834,31.7148176
Post Office - Barhamtoush,30.8198248,31.3605108
Post Office - Balouza,30.8198635,33.1688883
Post Office - Kafr El Zayyat,30.8201648,30.8158084
Post Office - Kafr El Zayyat Traffic Unit,30.820196,30.825125
Post Office - El Nawafaa,30.823612,31.776059
Post Office - El Mowansa,30.824408,31.617038
Post Office - El Soura,30.824607,31.715831
Post Office - Idshay,30.8254669,30.8139165
Post Office - El Delengat,30.826573,30.53298
Post Office - El Hagar El Mahrouq,30.8272034,30.5349336
Post Office - Kafr El Rouk,30.827884,31.405206
Post Office - El Qodah,30.8280927,31.7068468
Post Office - Kafr Ghannam,30.829803,31.572297
Post Office - El Ayyash El Gharby,30.8342656,31.2630902
Post Office - Koum Zomoran,30.834536,30.578323
Post Office - Ibiar,30.835423,30.865108
Post Office - Tanamel El Sharqy,30.8361814,31.2624505
Post Office - El Anshaseya,30.840489,31.320346
Post Office - El Alamain,30.8414476,28.9420133
Post Office - Akhtab,30.8417072,31.3149374
Shoubra Malas Post Office,30.845227,31.194393
Post Office - Berma,30.84534,30.912385
Post Office - Meet Badr Halawa,30.8475078,31.2341027
Post Office - Meet El Khouly Abdullah,30.8495082,31.449316
Post Office - El Qorasheya,30.8497398,31.1195196
Post Office - Port Said Mariout,30.849985,29.848479
Post Office - Shoubar,30.8503951,30.972193
Post Office - El Qantara Gharb,30.8507239,32.3029781
Post Office - El Hagayza,30.853562,31.589998
Post Office - El Saleheya 1,30.854785,32.063119
Post Office - Kafr El Mahrouq,30.855479,30.8327604
Post Office - Arab Darwish,30.857283,31.832537
Post Office - El Husseineya,30.861066,31.913054
Post Office - Kofour Belshay,30.861408,30.798116
Post Office - El Qantara Sharq,30.8614817,32.3227983
Post Office - El Bakarsha,30.8616032,31.9187418
Post Office - El Zawahereya,30.8616484,31.9187606
Post Office - Meet Abou El Hussein,30.865219,31.342014
Post Office - El Monagah El Kobra,30.866518,32.004222
Post Office - Tanboul El Kobra,30.869429,31.393423
Post Office - Ghazala,30.869775,31.601736
Post Office - Nawag,30.8714162,31.0069535
Post Office - Toukh El Aqlam,30.872464,31.436818
Post Office - Kafr El Sharaqwa,30.872832,31.170935
Post Office - Gabares,30.87289,30.595763
Post Office - Borg El Arab Central,30.8754749,29.5937937
Borg El arab central,30.8769644,29.5829423
Post Office - Shoubra Sendy,30.878287,31.541551
Post Office - Hanout El Sharqeya,30.879121,31.640124
Post Office - New Borg El Arab,30.880528,29.577311
Post Office - Shabrawish,30.8806953,31.2565894
Post Office - Meet Habib El Sharqeya,30.8809309,31.2145366
Mahalet Menouf Post Office,30.882016,30.963282
Post Office - Shansha & El Gharraqa,30.882183,31.321192
Post Office - Abou Sir Bana,30.882491,31.233339
Post Office - El Baroud,30.88516,30.664912
Post Office - Abou Dawoud El Enab,30.885708,31.377144
Post Office - El Soneta,30.889024,31.278159
Post Office - Abou Dawoud El Sabakh,30.8908158,31.4873835
Post Office - Geziret Motawea,30.892663,31.793799
Post Office - Telerak,30.893546,31.727915
Post Office - Saft Torab,30.8956509,31.1201297
Post Office - Borg El Arab El Qadim,30.8985547,29.5452652
Post Office - Shoubra Babel,30.900609,31.185664
Post Office - Baghdad Mariout,30.9008891,29.5509462
Post Office - Mahallet El Laban,30.9016647,30.7734395
Post Office - Meet Ghorab,30.901995,31.390502
Post Office - El Kamaleya,30.903758,31.156038
Post Office - Koum Aly,30.904572,30.998577
Post Office - Meet Abou El Hareth,30.906772,31.251499
Post Office - Abou El Matamir,30.9071619,30.1745021
Post Office - Manshaet Abou Omar,30.907208,32.022914
Post Office - Segin El Koum,30.907379,31.0535223
Post Office - El Hassayna,30.9081764,31.5014948
Post Office - El Mesain Behaira,30.908392,30.516745
Post Office - El Emam El Hussein,30.908889,30.147383
Post Office - El Asala,30.9098177,31.0795775
Post Office - El Emam Aly Ibn Abi Taleb,30.9100737,30.2905709
Post Office - Qaransho,30.913233,30.8439475
Post Office - El Hayatem,30.9136403,31.1069724
Post Office - Kafr El Bastawisy,30.9143457,31.1011556
Post Office - Semella,30.914409,30.9939246
Post Office - Nekla El Enab,30.91548,30.756433
Post Office - Kafr Feyala,30.9169886,31.1561741
Post Office - Shabrahour,30.921169,31.398153
Post Office - El Soufeya,30.9212452,31.7635255
Post Office - El Samara,30.922719,31.625861
Post Office - El Mehy,30.9277581,31.6039113
Post Office - Awlad Saqr,30.928912,31.696441
Post Office - Sheet El Hawa,30.929239,31.6950503
Post Office - Meniet Shantana Ayyash,30.9295776,31.1357602
Post Office - Geziret Nekla,30.930685,30.769259
Post Office - Sadaqa,30.931513,31.6546373
Post Office - Kafr Ahmed Shalaby,30.9316931,30.9450704
Post Office - El Mosallameya,30.9318597,31.4781457
Post Office - Manshaet El Eayary,30.932787,30.916743
Post Office - El Zoraiqy,30.9339444,31.4303576
Post Office - Borg Nour El Hommos,30.934071,31.348348
Post Office - Shoubra Malekan,30.934499,31.139608
Post Office - El Qodaba,30.935643,30.786395
Post Office - Basion,30.939232,30.813932
Post Office - Kafr Baldam,30.941581,30.989125
Post Office - Meet El Amel,30.9417446,31.2934496
Post Office - El Ghaita,30.942005,30.107405
Post Office - El Farastaq,30.9422647,30.8157423
Post Office - Aga,30.9433305,31.2937403
Post Office - Demat,30.9447436,30.9649906
Post Office - Temai El Amadid,30.945225,31.527389
Post Office - Ibshaway El Malaq,30.946108,31.023005
Post Office - Mansheyet El Bakry,30.9475128,31.1546831
Post Office - Kafr Hegazy,30.947725,31.184609
Post Office - El Bahoufrik,30.9495505,31.356831
Post Office - El Radwan,30.950046,32.283386
Post Office - Tag El Ezz,30.951706,31.588993
Post Office - Shoubra Baloula,30.953377,30.932831
Post Office - Denoushar,30.954337,31.095056
Post Office - Koum El Naggar,30.955714,30.883437
Post Office - El Westaneya,30.9570542,30.0709837
Post Office - El Baqaleya,30.9577071,31.4200083
Post Office - Kafr Abou Ayyana,30.958999,30.990552
Post Office - Sa El Hagar,30.9626472,30.7702264
Post Office - Samannoud,30.963447,31.243124
Post Office - El Shoun,30.9640101,31.1638375
Post Office - Neshil,30.9662016,31.0205405
Post Office - Ghazl Misr,30.9668973,31.1706953
Post Office - Qotour,30.968755,30.957235
Post Office - El Dawakhleya,30.968803,31.117812
Post Office - Mahallet Abou Aly El Qantara,30.970205,31.198584
Post Office - Souk El Laban,30.9754417,31.1628458
Post Office - Sored,30.9754877,30.9116432
Post Office - Shoubra Nabas,30.9765009,30.9531791
Post Office - Nagrig,30.977495,30.865687
Post Office - Telbana,30.9787312,31.4560268
Post Office - Kafr El Thoabaneya,30.979905,31.277076
Post Office - El Mahalla El Kobra,30.9802057,31.1908773
Post Office - Nawasa El Bahr,30.9818596,31.3022523
Post Office - Meet Louza,30.982924,31.552428
Post Office - Shoubratena,30.983809,30.800815
Post Office - Mahalet El Borg,30.984068,31.173812
Post Office - El Qaysareya,30.985424,31.2072668
Post Office - Salka,30.985474,31.347983
Post Office - Batinah,30.986278,31.197685
Post Office - El Ammreya,30.9892459,31.0991552
Post Office - Meet El Akrad,30.990698,31.422849
Post Office - Qassaseen El Azhar,30.9952647,31.7252306
Post Office - Samatay,30.9955038,31.0149169
Post Office - Kafr El Sarem,30.9970472,31.2288842
Post Office - Konayyeset Shabrato,30.9978549,30.8419011
Post Office - El Gabreya,30.9983382,31.0997166
Post Office - Naqita,30.9992949,31.3607577
Post Office - Beltag,30.999793,30.989621
Post Office - Ganag,30.999812,30.777662
Post Office - El Nassereya,30.9998899,29.7881825
Post Office - Koum El Darby,31.0006881,31.4316424
Post Office - Meet Assas,31.001174,31.293376
Post Office - El Naweya,31.0034191,31.2674013
Post Office - Betouras,31.004713,30.218022
Post Office - Kafr El Shanhab,31.005083,31.3112916
Post Office - El Salahat,31.005546,31.6249983
Post Office - El Nagah,31.0059029,32.9415783
Post Office - Meet El Leith Hashem,31.009114,31.160414
Post Office - Kafr El Genina El Qebly,31.009943,31.184924
Post Office - Awish El Hagar,31.010481,31.319956
Post Office - Rommana,31.011674,32.666724
Post Office - Negila,31.0120137,32.6623224
Post Office - Sharnoub,31.0134877,30.5694045
Post Office - Sandasees,31.0139736,31.1341696
Post Office - Meniet Sandoub,31.0196525,31.3901048
Post Office - El Nasimeya,31.020069,31.568049
Post Office - Sallant,31.020092,31.415756
Post Office - Kafr Salem,31.023664,30.781245
Post Office - Mahallet Zayyad,31.0238118,31.2320206
Post Office - Ghorbal,31.024626,30.486163
Post Office - Amyout,31.025356,30.944429
Post Office - Barq El Ezz,31.026095,31.369426
Post Office - El Moatamedeya,31.026181,31.097104
Post Office - Kafr El Marazeqa,31.026651,30.901393
Post Office - Kafr El Dafrawy,31.0287594,30.7148886
Post Office - Bahbit El Hegara,31.0302913,31.2850054
Post Office - Tanah,31.032131,31.558705
Post Office - Shoubra El Damanhoureya,31.0324105,30.4655003
Post Office - Abou Tahoun,31.032913,31.789046
Post Office - Kafr Qeretna,31.033347,31.046621
Post Office - El Gafira,31.0333768,28.4742611
Post Office - Damanhour,31.035886,30.469044
Post Office - Meet Badr Khamis,31.036123,31.337225
Post Office - El Galaa,31.0387967,31.3726371
Post Office - Neqreha,31.041436,30.475983
Post Office - El Maqrizy,31.041817,30.463515
Post Office - Manshaet Assem,31.0418464,31.3574868
Post Office - Meet El Karma,31.042233,31.329553
Post Office - Abaadeyet Damanhour,31.0424566,30.4727503
Post Office - Badin,31.042749,31.484508
Post Office - Manshaet Eflaqa,31.0432556,30.4719429
Post Office - Rabea El Naggar,31.0442333,31.3827788
Post Office - Meet Swid,31.0454431,31.6180191
Post Office - El Sinbillawain,31.045925,31.388487
Post Office - El Ghonaimy,31.0466258,30.8545295
Post Office - El Mandoura,31.0471914,31.3748066
Post Office - Qellin El Balad,31.048295,30.853562
Post Office - Qellin,31.0494393,30.8409677
Post Office - Kafr El Badamas,31.049818,31.396959
Post Office - El Manshaa El Kobra,31.0501846,30.907479
Post Office - El Danabiq,31.050232,31.448554
Post Office - Samoul,31.0543828,31.1324805
Post Office - Tanikh,31.054386,31.274704
Post Office - Bosat,31.0549151,31.380243
Post Office - El Bakatoush,31.0560642,30.7988197
Post Office - Nemra El Basal,31.056545,31.077717
Post Office - Banoub,31.058434,31.241519
Post Office - El Fardous City,31.0590085,31.383031
Post Office - Gedila,31.060106,31.413959
Post Office - Qoulingeel,31.063003,31.406841
Post Office - Mesair,31.0635493,31.0023451
Post Office - El Qarda,31.0684809,30.9513835
Post Office - Sallamoun El Qomash,31.069075,31.462569
Post Office - Abou Taweela,31.0708983,34.1857941
Post Office - Meet El Serag,31.072272,31.203816
Post Office - Fouka,31.072383,27.917019
Post Office - Boloqtor El Sharqeya,31.072794,30.21525
Post Office - Kafr El Hessa,31.073355,31.283482
Post Office - El Raydaneya,31.073379,31.447817
Post Office - Meet Mazzah,31.0745427,31.4317489
Post Office - Shoha,31.076251,31.478849
Post Office - El Benwan,31.077247,31.099503
Post Office - Kafr El Hamrawy,31.078855,30.944555
Post Office - El Robaiaa,31.079254,31.800524
Post Office - Kafr Abdel Moamen,31.079475,31.510373
Post Office - Qezman,31.080605,30.802033
Post Office - El Manshaah El Soghra,31.082548,30.849276
Post Office - El Kheyareya,31.0826109,31.4177153
Post Office - Merghem,31.084849,29.8554841
Post Office - Dekernes,31.086358,31.5994628
Post Office - El Othmaneya,31.0871602,31.2123543
Post Office - Nashart,31.0881836,30.8349217
Post Office - Tera,31.091371,31.242884
Post Office - Demro,31.091434,31.1444123
Post Office - El Bahr El Saghir,31.0917958,31.5921364
Post Office - Bohout,31.0929717,31.3041859
Post Office - Sharnqash,31.09401,31.406016
Post Office - Dreen,31.0945858,31.266028
Hanoveel,31.0968654,29.770498
Post Office - Berket Ghattas,31.0970143,30.3114289
Post Office - Abou Hommos,31.1004773,30.3111122
Post Office - Shabas Omayr,31.100482,30.791793
Post Office - Tonbara,31.1047396,31.1354916
Post Office - El Genina,31.1052603,31.6900739
Post Office - El Rahmaneya,31.105467,30.6423468
Post Office - Rewayna,31.107777,30.897566
Post Office - Manshaet Abdel Rahman,31.108894,31.754217
Post Office - El Eman,31.1119881,29.791553
El agamy-betash,31.112218,29.791553
Post Office - El Qantara El Baydaa,31.1124448,30.9576802
Post Office - Kafr El Sheikh,31.1128217,30.9362675
Post Office - Kafr El Gazaer,31.113603,30.949178
Post Office - Meet El Khouly Moamen,31.1155963,31.6503554
Post Office - The Higher Institute For Sociable Service,31.117401,30.941442
Post Office - El Akrisha,31.1188445,30.1502699
Post Office - El Daraksa,31.11885,31.638304
Post Office - El Baramoun,31.1194787,31.4485661
Post Office - Beshbish,31.1203168,31.1903877
Post Office - El Fadadna,31.120448,31.421492
Post Office - Besenteway,31.121577,30.377077
Post Office - Nasha,31.122325,31.289827
Post Office - Ishaqa,31.122888,30.998678
Post Office - El Arish,31.1262239,33.8083028
Elfardous-Bianky,31.127053,29.7786385
Post Office - Desouq 2,31.1274376,30.646547
Post Office - Meet Assem,31.127994,31.699553
Post Office - Abou Mandour,31.1285463,30.646246
Post Office - Damaira,31.1287696,31.3648761
Post Office - El Shaheedy,31.129528,31.093706
Post Office - Desouq,31.1315425,30.6401483
Post Office - Phase 4,31.132093,33.8032762
Post Office - El Ethad,31.133893,31.823226
Post Office - El Dekheila,31.134249,29.8163528
Post Office - Kafr Bahout,31.135583,31.328541
Post Office - Maamal El Qazzaz,31.1356648,30.1327813
Post Office - Manshaet Arimoun,31.137749,30.501068
Post Office - Kafr El Arab,31.138405,30.684667
Post Office - Mahallet El Qasab,31.140022,30.900686
Post Office - Ezab Besenteway,31.1425585,30.4593844
Post Office - Somokhrat,31.1436829,30.6092495
Post Office - Nagir & Meet Shedad,31.1438364,31.5377915
Post Office - Berembal El Gadida,31.144043,31.714813
Post Office - Kafr Allam,31.1444284,31.7195267
Post Office - Kafr Selim,31.14455,30.1106057
Post Office - Kafr Damira El Gadid,31.149554,31.373855
Post Office - King Mariout,31.1495598,29.8444123
Post Office - El Manzala,31.1588346,31.9363705
Post Office - Berembal El Qadima,31.1603373,31.7359369
Post Office - El Metras,31.162419,29.864873
Post Office - El Gawaber,31.1630526,31.812678
Post Office - El Bagalat,31.163698,31.625301
Post Office - Bermbal,31.1643487,31.7383566
Post Office - El Kordy,31.1652619,31.7658764
Post Office - Batra,31.1664912,31.4500869
Post Office - Meet Haway,31.1665125,31.805149
Post Office - El Wardeyan,31.1673742,29.8688961
Post Office - El Qabbary Industrial Housing,31.1679144,29.8773817
Post Office - El Kafr El Gadid,31.1693144,31.8276551
Post Office - El Bosrat,31.171088,31.882934
Post Office - El Asafra,31.1711312,32.014421
Post Office - El Nozol,31.1713871,31.6967438
Post Office - Daqalt,31.172633,30.945824
Post Office - Ghonaim Shata,31.174255,31.782523
Post Office - El Karakat,31.1750011,31.2203579
Post Office - Kafr El Hataba,31.1756436,31.4856262
Post Office - Ezbet El Sayyadeen,31.176078,29.936281
Post Office - El Qabbary,31.1779683,29.8806443
Post Office - Beilla,31.178953,31.216148
Post Office - Bosat Karim El Din,31.179255,31.564993
Post Office - El Azayza,31.179845,31.965664
Post Office - Arimoun,31.180529,30.904466
Post Office - Koum El Shaqafa,31.1810527,29.8941524
Post Office - Kafr El Dabbousy,31.181115,31.503831
Post Office - Manshaet Bolin,31.1813147,30.170412
Post Office - El Salemeya,31.181641,30.597534
Post Office - Karmouz,31.1826252,29.8995529
Post Office - Ragheb Pasha,31.186806,29.901844
Post Office - El Anfoushy,31.1879747,29.8861763
Post Office - Sultan Mosque,31.188243,29.902134
Post Office - El Farahda,31.188515,29.893276
Post Office - El Mahmoudeya,31.1893337,30.5192737
Post Office - Dengeway,31.1904817,31.5240804
Post Office - Salah El Din,31.1910498,29.8959158
Post Office - Sherbin,31.1914142,31.5262992
Post Office - El Wezareya,31.1920254,30.9494316
El Amreya Post Office,31.1928721,29.8861685
Post Office - El Masalla,31.1934201,29.90677
Moharram Bey Traffic Post Office,31.1936456,29.9237056
Post Office - Baqloula,31.193677,30.924023
Post Office - El Attareen,31.1939542,29.8979829
Post Office - Sernbay,31.1944578,30.5704504
Amprozo Post Office,31.195222,29.926883
Post Office - Tawfeer Alexandria Zone,31.197777,29.894949
Post Office - Moharram Bey 2,31.1983603,29.9477771
Post Office - El Koum El Taweel,31.198494,31.087825
Post Office - El Mansheya,31.199802,29.891074
Post Office - El Mostafeya,31.2001721,29.9058295
Post Office - Hadaeq El Shallalat,31.200213,29.912294
Post Office - Besendila,31.2002269,31.4435564
Post Office - El Midan,31.2003819,29.8867027
Post Office - Kafr El Sheikh Atteya,31.2003826,31.6023247
Post Office - El Hadara 2,31.2009388,29.9311274
Post Office - Raml Station,31.2010803,29.9006492
Post Office - Ras El Teen,31.201677,29.880547
Post Office - Sars El Leyan,31.2050017,29.9351035
Post Office - Ezbet Saad,31.2055148,29.9394738
Post Office - Hazeq,31.205526,31.187659
Post Office - Faculty Of Agriculture,31.205555,29.919256
Post Office - Faculty Of Engineering,31.205838,29.925405
Post Office - Ghait El Enab,31.2059148,29.8793066
Post Office - Sidi Ghazy,31.2067838,31.0511465
Post Office - El Shatby,31.2082893,29.9146425
Post Office - Daqahla,31.2083984,31.6349344
Post Office - El Hadara Bahary,31.2088955,29.9308444
Post Office - Kafr El Shennawy,31.210159,31.478572
Post Office - El Hesas,31.210939,31.519283
Post Office - El Nasaima,31.211333,31.992012
Post Office - El Saadeya,31.2123223,31.5507046
Post Office - Camp Shizar,31.2124588,29.9224562
Post Office - Ezbet Khorsid,31.2132832,30.0080614
Post Office - El Amal,31.2141203,31.3577987
Post Office - El Kawthar District,31.2145861,34.127824
Post Office - El Ibrahimeya El Raml,31.2154536,29.9274857
Post Office - Sidi Gaber,31.2186609,29.9406364
Post Office - Cleopatra Hammamat,31.2217827,29.9375416
Post Office - Kafr El Garayda,31.2235449,31.2752143
Post Office - Maasaret Belqas,31.2244351,31.3170819
Post Office - Abou Deraz,31.225262,30.623186
Post Office - Roshdy,31.226303,29.949567
Post Office - Abou Badawy,31.226356,31.158748
Post Office - Judges Club,31.2295701,29.9557178
Post Office - Qobrit,31.230883,30.589337
Post Office - El Seyouf Industrial Housing,31.231744,29.989282
Post Office - El Zawaida,31.2329247,29.9794508
Post Office - Seif El Din,31.2332625,31.6976082
Post Office - El Mahrousa,31.2347722,29.9825107
Post Office - Bakous,31.234857,29.9668153
Post Office - Ahmadeyet El Fotouh,31.236307,31.437997
Post Office - Abou Mostafa,31.2368475,30.9453568
Post Office - El Samaheya El Kobra,31.237041,31.373452
Post Office - El Qabouty,31.237695,32.280509
Post Office - El Sarw,31.2394061,31.6523105
Post Office - El Sahaba Mosque,31.2396,29.9714369
Post Office - Mazloum,31.239637,29.960607
Post Office - Ezbet Danna,31.245084,29.987022
Post Office - Ras El Khalig El Balad,31.247071,31.615033
Post Office - San Stefano,31.2486722,29.9703361
Post Office - El Noqrashy,31.248843,29.980128
Post Office - El Semad City,31.248927,31.5170218
Post Office - El Ras El Sawdaa,31.2503796,30.0132352
Post Office - Derbala Bldgs.,31.2506697,29.984092
Post Office - El Zaafaran,31.257872,31.168099
Post Office - Matallet Rafah,31.2581555,34.2362198
Post Office - El Kuwait District,31.258294,32.289059
Post Office - Free Zone,31.259256,32.296993
Post Office - Fazara,31.2606183,30.5083439
Post Office - Abbis,31.262116,30.873324
Post Office - Faisal City,31.263046,30.0004786
Post Office - Port Said 1,31.2633997,32.310049
Post Office - El Omaleya City,31.2634957,32.272191
Post Office - Abou El Hassan,31.263504,32.296293
Post Office - Port Services Complex,31.2667522,32.3138142
Post Office - Port Said 2,31.2675923,32.2981154
Post Office - Atef El Sadat,31.270777,32.303295
Post Office - Faculty Of Islamic & Arabic Studies,31.2713907,30.0235923
Post Office - Beriet Lasafir,31.2724505,30.7807444
Post Office - Kafr El Haj Sherbiny,31.27248,31.483294
Post Office - Canal Authority Building,31.272607,32.284124
Post Office - Abou Gonaima,31.2789296,30.6386368
Post Office - El Mandara,31.2791004,30.014494
Post Office - Abou Shannar,31.2802667,34.2401914
Post Office - El Kafr El Sharqy,31.2802833,31.1662373
Post Office - El Montazah,31.2826793,30.0209872
Post Office - Kafr Abou Zaher,31.2840486,31.4988132
Post Office - El Shawamy,31.2840988,31.354505
Post Office - El Maamoura Beach,31.289497,30.028772
Post Office - Edfina,31.292988,30.5151994
Post Office - Belqas,31.294614,31.397163
Post Office - El Maamoura,31.2955453,30.0542979
Post Office - El Barasheya,31.2955975,31.7309452
Post Office - Edfina Bldgs.,31.298703,30.476843
Post Office - Abou Deshisha,31.300644,31.354497
Post Office - Metoubas,31.3029943,30.5233659
Abou Kir Post Office,31.3044487,30.0615656
Post Office - Kafr El Atrash,31.3049812,31.5138718
Post Office - Edkou,31.3052222,30.2992358
Post Office - El Khelala,31.306765,31.359891
Post Office - El Hamoul Barary,31.3094757,31.1505066
Abu Keir,31.3179346,30.0619562
Post Office - Meniet El Morshed,31.325871,30.534473
Post Office - Mahallet Damana,31.342852,30.488893
Post Office - El Satamouny,31.344319,31.366327
Post Office - Kafr El Westany,31.3443809,31.5693615
Post Office - Koum El Hagr,31.348112,31.138557
Post Office - Kafr El Wekala,31.3514655,31.5147758
Post Office - Marsa Matrouh,31.3543445,27.2373159
Post Office - El Abaadeya El Bahareya,31.375189,31.118968
Post Office - Rashid,31.3948569,30.421904
Post Office - El Gezirah El Khadraa,31.3959153,30.5509358
Post Office - Borg Rashid,31.4008095,30.4171887
Post Office - Mashroua El Hamoul,31.403703,31.154558
Post Office - El Negeila,31.405856,31.405856
Post Office - Damietta Port,31.4154156,31.8135904
Post Office - Damietta,31.4162529,31.8114387
Post Office - Ras El Bar,31.4175388,31.8144434
New Damietta second,31.427298,31.678542
Mubarak housing,31.428015,31.66296
Post Office - Ezbet El Lahm,31.437781,31.808648
New Damietta,31.4400782,31.6831793
Post Office - Maseef Gamasa,31.442937,31.542717
Faculty of commerce,31.443139,31.675919
Post Office - Magaz El Hamoul,31.452211,31.149582
Post Office - El Sheikh Dorgham,31.4839742,31.8262811
Post Office - Damietta 2,31.5060475,31.8277796
Post Office - Ezbet El Borg,31.5079068,31.837762
Post Office - El Shabaseya,31.5551476,31.0919471
Post Office - El Salloum,31.5600665,25.1587269
Post Office - El Robaa,31.567841,31.054225
Post Office - Borg El Borolos,31.5991667,31.0916667
Post Office - Sidi Barrany,31.610922,25.926483